Record Length,2.500000e+03,,  -0.000021000000,   0.74000,
Sample Interval,1.000000e-07,,  -0.000020900000,   0.76000,
Trigger Point,2.100000000000e+02,,  -0.000020800000,   0.74000,
,,,  -0.000020700000,   0.78000,
,,,  -0.000020600000,   0.72000,
,,,  -0.000020500000,   0.76000,
Source,CH1,,  -0.000020400000,   0.76000,
Vertical Units,V,,  -0.000020300000,   0.74000,
Vertical Scale,5.000000e-01,,  -0.000020200000,   0.76000,
Vertical Offset,8.000000e-01,,  -0.000020100000,   0.72000,
Horizontal Units,s,,  -0.000020000000,   0.74000,
Horizontal Scale,2.500000e-05,,  -0.000019900000,   0.74000,
Pt Fmt,Y,,  -0.000019800000,   0.74000,
Yzero,0.000000e+00,,  -0.000019700000,   0.72000,
Probe Atten,1.000000e+00,,  -0.000019600000,   0.76000,
Model Number,TDS1001B,,  -0.000019500000,   0.76000,
Serial Number,C059812,,  -0.000019400000,   0.76000,
Firmware Version,FV:v22.01,,  -0.000019300000,   0.74000,
,,,-00.000019200000,   0.76000,
,,,-00.000019100000,   0.72000,
,,,-00.000019000000,   0.76000,
,,,-00.000018900000,   0.76000,
,,,-00.000018800000,   0.74000,
,,,-00.000018700000,   0.74000,
,,,-00.000018600000,   0.74000,
,,,-00.000018500000,   0.72000,
,,,-00.000018400000,   0.70000,
,,,-00.000018300000,   0.72000,
,,,-00.000018200000,   0.72000,
,,,-00.000018100000,   0.72000,
,,,-00.000018000000,   0.70000,
,,,-00.000017900000,   0.72000,
,,,-00.000017800000,   0.68000,
,,,-00.000017700000,   0.66000,
,,,-00.000017600000,   0.66000,
,,,-00.000017500000,   0.64000,
,,,-00.000017400000,   0.64000,
,,,-00.000017300000,   0.60000,
,,,-00.000017200000,   0.62000,
,,,-00.000017100000,   0.60000,
,,,-00.000017000000,   0.56000,
,,,-00.000016900000,   0.50000,
,,,-00.000016800000,   0.52000,
,,,-00.000016700000,   0.52000,
,,,-00.000016600000,   0.52000,
,,,-00.000016500000,   0.50000,
,,,-00.000016400000,   0.46000,
,,,-00.000016300000,   0.44000,
,,,-00.000016200000,   0.42000,
,,,-00.000016100000,   0.42000,
,,,-00.000016000000,   0.40000,
,,,-00.000015900000,   0.38000,
,,,-00.000015800000,   0.36000,
,,,-00.000015700000,   0.34000,
,,,-00.000015600000,   0.28000,
,,,-00.000015500000,   0.30000,
,,,-00.000015400000,   0.26000,
,,,-00.000015300000,   0.24000,
,,,-00.000015200000,   0.22000,
,,,-00.000015100000,   0.20000,
,,,-00.000015000000,   0.16000,
,,,-00.000014900000,   0.12000,
,,,-00.000014800000,   0.12000,
,,,-00.000014700000,   0.10000,
,,,-00.000014600000,   0.08000,
,,,-00.000014500000,   0.02000,
,,,-00.000014400000,   0.00000,
,,,-00.000014300000,  -0.02000,
,,,-00.000014200000,  -0.04000,
,,,-00.000014100000,  -0.06000,
,,,-00.000014000000,  -0.10000,
,,,-00.000013900000,  -0.14000,
,,,-00.000013800000,  -0.16000,
,,,-00.000013700000,  -0.22000,
,,,-00.000013600000,  -0.24000,
,,,-00.000013500000,  -0.26000,
,,,-00.000013400000,  -0.32000,
,,,-00.000013300000,  -0.34000,
,,,-00.000013200000,  -0.34000,
,,,-00.000013100000,  -0.36000,
,,,-00.000013000000,  -0.38000,
,,,-00.000012900000,  -0.46000,
,,,-00.000012800000,  -0.48000,
,,,-00.000012700000,  -0.52000,
,,,-00.000012600000,  -0.54000,
,,,-00.000012500000,  -0.56000,
,,,-00.000012400000,  -0.60000,
,,,-00.000012300000,  -0.62000,
,,,-00.000012200000,  -0.66000,
,,,-00.000012100000,  -0.70000,
,,,-00.000012000000,  -0.72000,
,,,-00.000011900000,  -0.76000,
,,,-00.000011800000,  -0.80000,
,,,-00.000011700000,  -0.84000,
,,,-00.000011600000,  -0.88000,
,,,-00.000011500000,  -0.90000,
,,,-00.000011400000,  -0.94000,
,,,-00.000011300000,  -1.00000,
,,,-00.000011200000,  -1.00000,
,,,-00.000011100000,  -1.02000,
,,,-00.000011000000,  -1.06000,
,,,-00.000010900000,  -1.12000,
,,,-00.000010800000,  -1.08000,
,,,-00.000010700000,  -1.16000,
,,,-00.000010600000,  -1.18000,
,,,-00.000010500000,  -1.20000,
,,,-00.000010400000,  -1.26000,
,,,-00.000010300000,  -1.26000,
,,,-00.000010200000,  -1.32000,
,,,-00.000010100000,  -1.36000,
,,,-00.000010000000,  -1.36000,
,,,-00.000009900000,  -1.40000,
,,,-00.000009800000,  -1.42000,
,,,-00.000009700000,  -1.44000,
,,,-00.000009600000,  -1.46000,
,,,-00.000009500000,  -1.52000,
,,,-00.000009400000,  -1.54000,
,,,-00.000009300000,  -1.56000,
,,,-00.000009200000,  -1.60000,
,,,-00.000009100000,  -1.60000,
,,,-00.000009000000,  -1.64000,
,,,-00.000008900000,  -1.68000,
,,,-00.000008800000,  -1.68000,
,,,-00.000008700000,  -1.72000,
,,,-00.000008600000,  -1.74000,
,,,-00.000008500000,  -1.76000,
,,,-00.000008400000,  -1.78000,
,,,-00.000008300000,  -1.80000,
,,,-00.000008200000,  -1.84000,
,,,-00.000008100000,  -1.86000,
,,,-00.000008000000,  -1.86000,
,,,-00.000007900000,  -1.90000,
,,,-00.000007800000,  -1.92000,
,,,-00.000007700000,  -1.94000,
,,,-00.000007600000,  -1.94000,
,,,-00.000007500000,  -1.98000,
,,,-00.000007400000,  -1.98000,
,,,-00.000007300000,  -2.02000,
,,,-00.000007200000,  -2.00000,
,,,-00.000007100000,  -2.04000,
,,,-00.000007000000,  -2.04000,
,,,-00.000006900000,  -2.06000,
,,,-00.000006800000,  -2.06000,
,,,-00.000006700000,  -2.08000,
,,,-00.000006600000,  -2.10000,
,,,-00.000006500000,  -2.12000,
,,,-00.000006400000,  -2.12000,
,,,-00.000006300000,  -2.12000,
,,,-00.000006200000,  -2.14000,
,,,-00.000006100000,  -2.16000,
,,,-00.000006000000,  -2.14000,
,,,-00.000005900000,  -2.16000,
,,,-00.000005800000,  -2.18000,
,,,-00.000005700000,  -2.20000,
,,,-00.000005600000,  -2.20000,
,,,-00.000005500000,  -2.18000,
,,,-00.000005400000,  -2.20000,
,,,-00.000005300000,  -2.24000,
,,,-00.000005200000,  -2.22000,
,,,-00.000005100000,  -2.22000,
,,,-00.000005000000,  -2.22000,
,,,-00.000004900000,  -2.20000,
,,,-00.000004800000,  -2.22000,
,,,-00.000004700000,  -2.22000,
,,,-00.000004600000,  -2.22000,
,,,-00.000004500000,  -2.22000,
,,,-00.000004400000,  -2.24000,
,,,-00.000004300000,  -2.22000,
,,,-00.000004200000,  -2.24000,
,,,-00.000004100000,  -2.20000,
,,,-00.000004000000,  -2.22000,
,,,-00.000003900000,  -2.20000,
,,,-00.000003800000,  -2.20000,
,,,-00.000003700000,  -2.16000,
,,,-00.000003600000,  -2.14000,
,,,-00.000003500000,  -2.18000,
,,,-00.000003400000,  -2.14000,
,,,-00.000003300000,  -2.18000,
,,,-00.000003200000,  -2.16000,
,,,-00.000003100000,  -2.14000,
,,,-00.000003000000,  -2.14000,
,,,-00.000002900000,  -2.08000,
,,,-00.000002800000,  -2.12000,
,,,-00.000002700000,  -2.10000,
,,,-00.000002600000,  -2.10000,
,,,-00.000002500000,  -2.08000,
,,,-00.000002400000,  -2.06000,
,,,-00.000002300000,  -2.04000,
,,,-00.000002200000,  -2.00000,
,,,-00.000002100000,  -2.02000,
,,,-00.000002000000,  -1.98000,
,,,-00.000001900000,  -1.96000,
,,,-00.000001800000,  -1.94000,
,,,-00.000001700000,  -1.92000,
,,,-00.000001600000,  -1.90000,
,,,-00.000001500000,  -1.92000,
,,,-00.000001400000,  -1.90000,
,,,-00.000001300000,  -1.86000,
,,,-00.000001200000,  -1.84000,
,,,-00.000001100000,  -1.80000,
,,,-00.000001000000,  -1.80000,
,,,-00.000000900000,  -1.78000,
,,,-00.000000800000,  -1.74000,
,,,-00.000000700000,  -1.72000,
,,,-00.000000600000,  -1.70000,
,,,-00.000000500000,  -1.66000,
,,,-00.000000400000,  -1.68000,
,,,-00.000000300000,  -1.64000,
,,,-00.000000200000,  -1.60000,
,,,-00.000000100000,  -1.58000,
,,,-00.000000000000,  -1.54000,
,,,00.000000100000,  -1.54000,
,,,00.000000200000,  -1.52000,
,,,00.000000300000,  -1.48000,
,,,00.000000400000,  -1.44000,
,,,00.000000500000,  -1.42000,
,,,00.000000600000,  -1.40000,
,,,00.000000700000,  -1.36000,
,,,00.000000800000,  -1.36000,
,,,00.000000900000,  -1.32000,
,,,00.000001000000,  -1.28000,
,,,00.000001100000,  -1.26000,
,,,00.000001200000,  -1.24000,
,,,00.000001300000,  -1.18000,
,,,00.000001400000,  -1.20000,
,,,00.000001500000,  -1.14000,
,,,00.000001600000,  -1.12000,
,,,00.000001700000,  -1.10000,
,,,00.000001800000,  -1.06000,
,,,00.000001900000,  -1.00000,
,,,00.000002000000,  -1.00000,
,,,00.000002100000,  -0.96000,
,,,00.000002200000,  -0.92000,
,,,00.000002300000,  -0.90000,
,,,00.000002400000,  -0.88000,
,,,00.000002500000,  -0.84000,
,,,00.000002600000,  -0.80000,
,,,00.000002700000,  -0.78000,
,,,00.000002800000,  -0.76000,
,,,00.000002900000,  -0.72000,
,,,00.000003000000,  -0.74000,
,,,00.000003100000,  -0.68000,
,,,00.000003200000,  -0.62000,
,,,00.000003300000,  -0.62000,
,,,00.000003400000,  -0.60000,
,,,00.000003500000,  -0.56000,
,,,00.000003600000,  -0.52000,
,,,00.000003700000,  -0.50000,
,,,00.000003800000,  -0.46000,
,,,00.000003900000,  -0.42000,
,,,00.000004000000,  -0.40000,
,,,00.000004100000,  -0.38000,
,,,00.000004200000,  -0.34000,
,,,00.000004300000,  -0.32000,
,,,00.000004400000,  -0.30000,
,,,00.000004500000,  -0.26000,
,,,00.000004600000,  -0.24000,
,,,00.000004700000,  -0.24000,
,,,00.000004800000,  -0.20000,
,,,00.000004900000,  -0.16000,
,,,00.000005000000,  -0.14000,
,,,00.000005100000,  -0.12000,
,,,00.000005200000,  -0.12000,
,,,00.000005300000,  -0.10000,
,,,00.000005400000,  -0.04000,
,,,00.000005500000,  -0.02000,
,,,00.000005600000,   0.02000,
,,,00.000005700000,   0.02000,
,,,00.000005800000,   0.04000,
,,,00.000005900000,   0.08000,
,,,00.000006000000,   0.08000,
,,,00.000006100000,   0.10000,
,,,00.000006200000,   0.10000,
,,,00.000006300000,   0.12000,
,,,00.000006400000,   0.16000,
,,,00.000006500000,   0.20000,
,,,00.000006600000,   0.22000,
,,,00.000006700000,   0.22000,
,,,00.000006800000,   0.24000,
,,,00.000006900000,   0.28000,
,,,00.000007000000,   0.26000,
,,,00.000007100000,   0.30000,
,,,00.000007200000,   0.32000,
,,,00.000007300000,   0.32000,
,,,00.000007400000,   0.34000,
,,,00.000007500000,   0.36000,
,,,00.000007600000,   0.36000,
,,,00.000007700000,   0.36000,
,,,00.000007800000,   0.40000,
,,,00.000007900000,   0.36000,
,,,00.000008000000,   0.40000,
,,,00.000008100000,   0.38000,
,,,00.000008200000,   0.40000,
,,,00.000008300000,   0.44000,
,,,00.000008400000,   0.44000,
,,,00.000008500000,   0.46000,
,,,00.000008600000,   0.44000,
,,,00.000008700000,   0.44000,
,,,00.000008800000,   0.48000,
,,,00.000008900000,   0.46000,
,,,00.000009000000,   0.52000,
,,,00.000009100000,   0.48000,
,,,00.000009200000,   0.50000,
,,,00.000009300000,   0.46000,
,,,00.000009400000,   0.52000,
,,,00.000009500000,   0.50000,
,,,00.000009600000,   0.50000,
,,,00.000009700000,   0.48000,
,,,00.000009800000,   0.52000,
,,,00.000009900000,   0.52000,
,,,00.000010000000,   0.50000,
,,,00.000010100000,   0.52000,
,,,00.000010200000,   0.48000,
,,,00.000010300000,   0.46000,
,,,00.000010400000,   0.50000,
,,,00.000010500000,   0.46000,
,,,00.000010600000,   0.50000,
,,,00.000010700000,   0.48000,
,,,00.000010800000,   0.46000,
,,,00.000010900000,   0.46000,
,,,00.000011000000,   0.44000,
,,,00.000011100000,   0.44000,
,,,00.000011200000,   0.42000,
,,,00.000011300000,   0.42000,
,,,00.000011400000,   0.40000,
,,,00.000011500000,   0.40000,
,,,00.000011600000,   0.40000,
,,,00.000011700000,   0.38000,
,,,00.000011800000,   0.40000,
,,,00.000011900000,   0.36000,
,,,00.000012000000,   0.34000,
,,,00.000012100000,   0.34000,
,,,00.000012200000,   0.32000,
,,,00.000012300000,   0.32000,
,,,00.000012400000,   0.28000,
,,,00.000012500000,   0.30000,
,,,00.000012600000,   0.28000,
,,,00.000012700000,   0.26000,
,,,00.000012800000,   0.24000,
,,,00.000012900000,   0.22000,
,,,00.000013000000,   0.22000,
,,,00.000013100000,   0.18000,
,,,00.000013200000,   0.16000,
,,,00.000013300000,   0.14000,
,,,00.000013400000,   0.12000,
,,,00.000013500000,   0.12000,
,,,00.000013600000,   0.06000,
,,,00.000013700000,   0.06000,
,,,00.000013800000,   0.04000,
,,,00.000013900000,   0.02000,
,,,00.000014000000,  -0.02000,
,,,00.000014100000,  -0.02000,
,,,00.000014200000,  -0.04000,
,,,00.000014300000,  -0.06000,
,,,00.000014400000,  -0.08000,
,,,00.000014500000,  -0.12000,
,,,00.000014600000,  -0.16000,
,,,00.000014700000,  -0.16000,
,,,00.000014800000,  -0.18000,
,,,00.000014900000,  -0.22000,
,,,00.000015000000,  -0.22000,
,,,00.000015100000,  -0.26000,
,,,00.000015200000,  -0.28000,
,,,00.000015300000,  -0.32000,
,,,00.000015400000,  -0.34000,
,,,00.000015500000,  -0.36000,
,,,00.000015600000,  -0.38000,
,,,00.000015700000,  -0.40000,
,,,00.000015800000,  -0.44000,
,,,00.000015900000,  -0.46000,
,,,00.000016000000,  -0.50000,
,,,00.000016100000,  -0.50000,
,,,00.000016200000,  -0.56000,
,,,00.000016300000,  -0.56000,
,,,00.000016400000,  -0.60000,
,,,00.000016500000,  -0.64000,
,,,00.000016600000,  -0.66000,
,,,00.000016700000,  -0.70000,
,,,00.000016800000,  -0.76000,
,,,00.000016900000,  -0.76000,
,,,00.000017000000,  -0.76000,
,,,00.000017100000,  -0.82000,
,,,00.000017200000,  -0.84000,
,,,00.000017300000,  -0.86000,
,,,00.000017400000,  -0.88000,
,,,00.000017500000,  -0.90000,
,,,00.000017600000,  -0.94000,
,,,00.000017700000,  -0.94000,
,,,00.000017800000,  -0.98000,
,,,00.000017900000,  -1.02000,
,,,00.000018000000,  -1.04000,
,,,00.000018100000,  -1.06000,
,,,00.000018200000,  -1.12000,
,,,00.000018300000,  -1.10000,
,,,00.000018400000,  -1.12000,
,,,00.000018500000,  -1.14000,
,,,00.000018600000,  -1.18000,
,,,00.000018700000,  -1.24000,
,,,00.000018800000,  -1.28000,
,,,00.000018900000,  -1.26000,
,,,00.000019000000,  -1.30000,
,,,00.000019100000,  -1.34000,
,,,00.000019200000,  -1.36000,
,,,00.000019300000,  -1.34000,
,,,00.000019400000,  -1.40000,
,,,00.000019500000,  -1.42000,
,,,00.000019600000,  -1.44000,
,,,00.000019700000,  -1.48000,
,,,00.000019800000,  -1.48000,
,,,00.000019900000,  -1.54000,
,,,00.000020000000,  -1.50000,
,,,00.000020100000,  -1.54000,
,,,00.000020200000,  -1.58000,
,,,00.000020300000,  -1.60000,
,,,00.000020400000,  -1.62000,
,,,00.000020500000,  -1.64000,
,,,00.000020600000,  -1.66000,
,,,00.000020700000,  -1.66000,
,,,00.000020800000,  -1.70000,
,,,00.000020900000,  -1.68000,
,,,00.000021000000,  -1.72000,
,,,00.000021100000,  -1.72000,
,,,00.000021200000,  -1.76000,
,,,00.000021300000,  -1.76000,
,,,00.000021400000,  -1.80000,
,,,00.000021500000,  -1.82000,
,,,00.000021600000,  -1.82000,
,,,00.000021700000,  -1.84000,
,,,00.000021800000,  -1.86000,
,,,00.000021900000,  -1.84000,
,,,00.000022000000,  -1.88000,
,,,00.000022100000,  -1.88000,
,,,00.000022200000,  -1.94000,
,,,00.000022300000,  -1.92000,
,,,00.000022400000,  -1.92000,
,,,00.000022500000,  -1.92000,
,,,00.000022600000,  -1.94000,
,,,00.000022700000,  -1.92000,
,,,00.000022800000,  -1.94000,
,,,00.000022900000,  -1.94000,
,,,00.000023000000,  -1.98000,
,,,00.000023100000,  -1.98000,
,,,00.000023200000,  -1.98000,
,,,00.000023300000,  -1.98000,
,,,00.000023400000,  -1.96000,
,,,00.000023500000,  -2.00000,
,,,00.000023600000,  -1.98000,
,,,00.000023700000,  -1.98000,
,,,00.000023800000,  -1.98000,
,,,00.000023900000,  -2.04000,
,,,00.000024000000,  -2.00000,
,,,00.000024100000,  -2.02000,
,,,00.000024200000,  -2.02000,
,,,00.000024300000,  -2.00000,
,,,00.000024400000,  -2.02000,
,,,00.000024500000,  -2.02000,
,,,00.000024600000,  -2.00000,
,,,00.000024700000,  -2.00000,
,,,00.000024800000,  -1.98000,
,,,00.000024900000,  -2.00000,
,,,00.000025000000,  -1.98000,
,,,00.000025100000,  -2.00000,
,,,00.000025200000,  -1.98000,
,,,00.000025300000,  -1.96000,
,,,00.000025400000,  -1.98000,
,,,00.000025500000,  -1.98000,
,,,00.000025600000,  -1.96000,
,,,00.000025700000,  -1.96000,
,,,00.000025800000,  -1.92000,
,,,00.000025900000,  -1.92000,
,,,00.000026000000,  -1.90000,
,,,00.000026100000,  -1.90000,
,,,00.000026200000,  -1.90000,
,,,00.000026300000,  -1.88000,
,,,00.000026400000,  -1.88000,
,,,00.000026500000,  -1.88000,
,,,00.000026600000,  -1.88000,
,,,00.000026700000,  -1.84000,
,,,00.000026800000,  -1.84000,
,,,00.000026900000,  -1.82000,
,,,00.000027000000,  -1.80000,
,,,00.000027100000,  -1.80000,
,,,00.000027200000,  -1.76000,
,,,00.000027300000,  -1.76000,
,,,00.000027400000,  -1.74000,
,,,00.000027500000,  -1.70000,
,,,00.000027600000,  -1.68000,
,,,00.000027700000,  -1.68000,
,,,00.000027800000,  -1.68000,
,,,00.000027900000,  -1.64000,
,,,00.000028000000,  -1.62000,
,,,00.000028100000,  -1.60000,
,,,00.000028200000,  -1.58000,
,,,00.000028300000,  -1.58000,
,,,00.000028400000,  -1.52000,
,,,00.000028500000,  -1.54000,
,,,00.000028600000,  -1.52000,
,,,00.000028700000,  -1.48000,
,,,00.000028800000,  -1.46000,
,,,00.000028900000,  -1.44000,
,,,00.000029000000,  -1.40000,
,,,00.000029100000,  -1.40000,
,,,00.000029200000,  -1.36000,
,,,00.000029300000,  -1.34000,
,,,00.000029400000,  -1.36000,
,,,00.000029500000,  -1.30000,
,,,00.000029600000,  -1.32000,
,,,00.000029700000,  -1.26000,
,,,00.000029800000,  -1.24000,
,,,00.000029900000,  -1.20000,
,,,00.000030000000,  -1.20000,
,,,00.000030100000,  -1.16000,
,,,00.000030200000,  -1.16000,
,,,00.000030300000,  -1.12000,
,,,00.000030400000,  -1.10000,
,,,00.000030500000,  -1.08000,
,,,00.000030600000,  -1.04000,
,,,00.000030700000,  -1.00000,
,,,00.000030800000,  -1.00000,
,,,00.000030900000,  -0.98000,
,,,00.000031000000,  -0.92000,
,,,00.000031100000,  -0.90000,
,,,00.000031200000,  -0.90000,
,,,00.000031300000,  -0.86000,
,,,00.000031400000,  -0.84000,
,,,00.000031500000,  -0.80000,
,,,00.000031600000,  -0.76000,
,,,00.000031700000,  -0.76000,
,,,00.000031800000,  -0.74000,
,,,00.000031900000,  -0.70000,
,,,00.000032000000,  -0.66000,
,,,00.000032100000,  -0.66000,
,,,00.000032200000,  -0.64000,
,,,00.000032300000,  -0.62000,
,,,00.000032400000,  -0.62000,
,,,00.000032500000,  -0.54000,
,,,00.000032600000,  -0.54000,
,,,00.000032700000,  -0.52000,
,,,00.000032800000,  -0.52000,
,,,00.000032900000,  -0.46000,
,,,00.000033000000,  -0.46000,
,,,00.000033100000,  -0.44000,
,,,00.000033200000,  -0.42000,
,,,00.000033300000,  -0.38000,
,,,00.000033400000,  -0.36000,
,,,00.000033500000,  -0.34000,
,,,00.000033600000,  -0.30000,
,,,00.000033700000,  -0.30000,
,,,00.000033800000,  -0.28000,
,,,00.000033900000,  -0.26000,
,,,00.000034000000,  -0.22000,
,,,00.000034100000,  -0.22000,
,,,00.000034200000,  -0.18000,
,,,00.000034300000,  -0.18000,
,,,00.000034400000,  -0.14000,
,,,00.000034500000,  -0.16000,
,,,00.000034600000,  -0.12000,
,,,00.000034700000,  -0.10000,
,,,00.000034800000,  -0.08000,
,,,00.000034900000,  -0.08000,
,,,00.000035000000,  -0.06000,
,,,00.000035100000,   0.00000,
,,,00.000035200000,   0.02000,
,,,00.000035300000,   0.02000,
,,,00.000035400000,   0.02000,
,,,00.000035500000,   0.04000,
,,,00.000035600000,   0.06000,
,,,00.000035700000,   0.10000,
,,,00.000035800000,   0.08000,
,,,00.000035900000,   0.12000,
,,,00.000036000000,   0.12000,
,,,00.000036100000,   0.14000,
,,,00.000036200000,   0.14000,
,,,00.000036300000,   0.14000,
,,,00.000036400000,   0.16000,
,,,00.000036500000,   0.22000,
,,,00.000036600000,   0.22000,
,,,00.000036700000,   0.18000,
,,,00.000036800000,   0.20000,
,,,00.000036900000,   0.22000,
,,,00.000037000000,   0.22000,
,,,00.000037100000,   0.24000,
,,,00.000037200000,   0.26000,
,,,00.000037300000,   0.26000,
,,,00.000037400000,   0.28000,
,,,00.000037500000,   0.28000,
,,,00.000037600000,   0.24000,
,,,00.000037700000,   0.26000,
,,,00.000037800000,   0.28000,
,,,00.000037900000,   0.28000,
,,,00.000038000000,   0.28000,
,,,00.000038100000,   0.30000,
,,,00.000038200000,   0.30000,
,,,00.000038300000,   0.30000,
,,,00.000038400000,   0.32000,
,,,00.000038500000,   0.30000,
,,,00.000038600000,   0.30000,
,,,00.000038700000,   0.30000,
,,,00.000038800000,   0.28000,
,,,00.000038900000,   0.32000,
,,,00.000039000000,   0.30000,
,,,00.000039100000,   0.28000,
,,,00.000039200000,   0.30000,
,,,00.000039300000,   0.24000,
,,,00.000039400000,   0.30000,
,,,00.000039500000,   0.28000,
,,,00.000039600000,   0.26000,
,,,00.000039700000,   0.28000,
,,,00.000039800000,   0.30000,
,,,00.000039900000,   0.26000,
,,,00.000040000000,   0.26000,
,,,00.000040100000,   0.26000,
,,,00.000040200000,   0.24000,
,,,00.000040300000,   0.24000,
,,,00.000040400000,   0.28000,
,,,00.000040500000,   0.24000,
,,,00.000040600000,   0.20000,
,,,00.000040700000,   0.22000,
,,,00.000040800000,   0.20000,
,,,00.000040900000,   0.16000,
,,,00.000041000000,   0.16000,
,,,00.000041100000,   0.14000,
,,,00.000041200000,   0.14000,
,,,00.000041300000,   0.14000,
,,,00.000041400000,   0.12000,
,,,00.000041500000,   0.12000,
,,,00.000041600000,   0.12000,
,,,00.000041700000,   0.10000,
,,,00.000041800000,   0.06000,
,,,00.000041900000,   0.04000,
,,,00.000042000000,   0.04000,
,,,00.000042100000,   0.02000,
,,,00.000042200000,   0.00000,
,,,00.000042300000,   0.00000,
,,,00.000042400000,   0.00000,
,,,00.000042500000,  -0.04000,
,,,00.000042600000,  -0.08000,
,,,00.000042700000,  -0.08000,
,,,00.000042800000,  -0.12000,
,,,00.000042900000,  -0.14000,
,,,00.000043000000,  -0.14000,
,,,00.000043100000,  -0.14000,
,,,00.000043200000,  -0.18000,
,,,00.000043300000,  -0.20000,
,,,00.000043400000,  -0.20000,
,,,00.000043500000,  -0.22000,
,,,00.000043600000,  -0.26000,
,,,00.000043700000,  -0.30000,
,,,00.000043800000,  -0.32000,
,,,00.000043900000,  -0.30000,
,,,00.000044000000,  -0.32000,
,,,00.000044100000,  -0.36000,
,,,00.000044200000,  -0.40000,
,,,00.000044300000,  -0.40000,
,,,00.000044400000,  -0.42000,
,,,00.000044500000,  -0.44000,
,,,00.000044600000,  -0.46000,
,,,00.000044700000,  -0.50000,
,,,00.000044800000,  -0.50000,
,,,00.000044900000,  -0.50000,
,,,00.000045000000,  -0.56000,
,,,00.000045100000,  -0.58000,
,,,00.000045200000,  -0.60000,
,,,00.000045300000,  -0.64000,
,,,00.000045400000,  -0.64000,
,,,00.000045500000,  -0.66000,
,,,00.000045600000,  -0.72000,
,,,00.000045700000,  -0.72000,
,,,00.000045800000,  -0.78000,
,,,00.000045900000,  -0.78000,
,,,00.000046000000,  -0.82000,
,,,00.000046100000,  -0.84000,
,,,00.000046200000,  -0.86000,
,,,00.000046300000,  -0.86000,
,,,00.000046400000,  -0.88000,
,,,00.000046500000,  -0.94000,
,,,00.000046600000,  -0.94000,
,,,00.000046700000,  -0.96000,
,,,00.000046800000,  -1.00000,
,,,00.000046900000,  -1.00000,
,,,00.000047000000,  -1.02000,
,,,00.000047100000,  -1.02000,
,,,00.000047200000,  -1.04000,
,,,00.000047300000,  -1.08000,
,,,00.000047400000,  -1.10000,
,,,00.000047500000,  -1.12000,
,,,00.000047600000,  -1.14000,
,,,00.000047700000,  -1.16000,
,,,00.000047800000,  -1.18000,
,,,00.000047900000,  -1.22000,
,,,00.000048000000,  -1.24000,
,,,00.000048100000,  -1.24000,
,,,00.000048200000,  -1.26000,
,,,00.000048300000,  -1.32000,
,,,00.000048400000,  -1.32000,
,,,00.000048500000,  -1.34000,
,,,00.000048600000,  -1.36000,
,,,00.000048700000,  -1.40000,
,,,00.000048800000,  -1.38000,
,,,00.000048900000,  -1.44000,
,,,00.000049000000,  -1.46000,
,,,00.000049100000,  -1.48000,
,,,00.000049200000,  -1.48000,
,,,00.000049300000,  -1.48000,
,,,00.000049400000,  -1.52000,
,,,00.000049500000,  -1.52000,
,,,00.000049600000,  -1.54000,
,,,00.000049700000,  -1.56000,
,,,00.000049800000,  -1.56000,
,,,00.000049900000,  -1.60000,
,,,00.000050000000,  -1.62000,
,,,00.000050100000,  -1.60000,
,,,00.000050200000,  -1.64000,
,,,00.000050300000,  -1.62000,
,,,00.000050400000,  -1.66000,
,,,00.000050500000,  -1.66000,
,,,00.000050600000,  -1.68000,
,,,00.000050700000,  -1.68000,
,,,00.000050800000,  -1.70000,
,,,00.000050900000,  -1.70000,
,,,00.000051000000,  -1.72000,
,,,00.000051100000,  -1.72000,
,,,00.000051200000,  -1.74000,
,,,00.000051300000,  -1.76000,
,,,00.000051400000,  -1.74000,
,,,00.000051500000,  -1.76000,
,,,00.000051600000,  -1.76000,
,,,00.000051700000,  -1.78000,
,,,00.000051800000,  -1.80000,
,,,00.000051900000,  -1.80000,
,,,00.000052000000,  -1.80000,
,,,00.000052100000,  -1.80000,
,,,00.000052200000,  -1.80000,
,,,00.000052300000,  -1.82000,
,,,00.000052400000,  -1.82000,
,,,00.000052500000,  -1.82000,
,,,00.000052600000,  -1.80000,
,,,00.000052700000,  -1.82000,
,,,00.000052800000,  -1.82000,
,,,00.000052900000,  -1.82000,
,,,00.000053000000,  -1.84000,
,,,00.000053100000,  -1.86000,
,,,00.000053200000,  -1.84000,
,,,00.000053300000,  -1.82000,
,,,00.000053400000,  -1.84000,
,,,00.000053500000,  -1.82000,
,,,00.000053600000,  -1.82000,
,,,00.000053700000,  -1.82000,
,,,00.000053800000,  -1.82000,
,,,00.000053900000,  -1.82000,
,,,00.000054000000,  -1.82000,
,,,00.000054100000,  -1.82000,
,,,00.000054200000,  -1.80000,
,,,00.000054300000,  -1.78000,
,,,00.000054400000,  -1.78000,
,,,00.000054500000,  -1.78000,
,,,00.000054600000,  -1.78000,
,,,00.000054700000,  -1.78000,
,,,00.000054800000,  -1.78000,
,,,00.000054900000,  -1.74000,
,,,00.000055000000,  -1.74000,
,,,00.000055100000,  -1.70000,
,,,00.000055200000,  -1.74000,
,,,00.000055300000,  -1.74000,
,,,00.000055400000,  -1.74000,
,,,00.000055500000,  -1.70000,
,,,00.000055600000,  -1.68000,
,,,00.000055700000,  -1.70000,
,,,00.000055800000,  -1.68000,
,,,00.000055900000,  -1.66000,
,,,00.000056000000,  -1.66000,
,,,00.000056100000,  -1.64000,
,,,00.000056200000,  -1.64000,
,,,00.000056300000,  -1.60000,
,,,00.000056400000,  -1.60000,
,,,00.000056500000,  -1.60000,
,,,00.000056600000,  -1.56000,
,,,00.000056700000,  -1.58000,
,,,00.000056800000,  -1.56000,
,,,00.000056900000,  -1.52000,
,,,00.000057000000,  -1.52000,
,,,00.000057100000,  -1.46000,
,,,00.000057200000,  -1.44000,
,,,00.000057300000,  -1.44000,
,,,00.000057400000,  -1.42000,
,,,00.000057500000,  -1.40000,
,,,00.000057600000,  -1.40000,
,,,00.000057700000,  -1.36000,
,,,00.000057800000,  -1.36000,
,,,00.000057900000,  -1.34000,
,,,00.000058000000,  -1.34000,
,,,00.000058100000,  -1.30000,
,,,00.000058200000,  -1.28000,
,,,00.000058300000,  -1.28000,
,,,00.000058400000,  -1.24000,
,,,00.000058500000,  -1.22000,
,,,00.000058600000,  -1.18000,
,,,00.000058700000,  -1.16000,
,,,00.000058800000,  -1.16000,
,,,00.000058900000,  -1.16000,
,,,00.000059000000,  -1.10000,
,,,00.000059100000,  -1.10000,
,,,00.000059200000,  -1.10000,
,,,00.000059300000,  -1.06000,
,,,00.000059400000,  -1.04000,
,,,00.000059500000,  -1.02000,
,,,00.000059600000,  -0.98000,
,,,00.000059700000,  -0.98000,
,,,00.000059800000,  -0.98000,
,,,00.000059900000,  -0.92000,
,,,00.000060000000,  -0.94000,
,,,00.000060100000,  -0.88000,
,,,00.000060200000,  -0.86000,
,,,00.000060300000,  -0.86000,
,,,00.000060400000,  -0.82000,
,,,00.000060500000,  -0.80000,
,,,00.000060600000,  -0.78000,
,,,00.000060700000,  -0.76000,
,,,00.000060800000,  -0.74000,
,,,00.000060900000,  -0.72000,
,,,00.000061000000,  -0.70000,
,,,00.000061100000,  -0.68000,
,,,00.000061200000,  -0.64000,
,,,00.000061300000,  -0.62000,
,,,00.000061400000,  -0.62000,
,,,00.000061500000,  -0.58000,
,,,00.000061600000,  -0.56000,
,,,00.000061700000,  -0.56000,
,,,00.000061800000,  -0.54000,
,,,00.000061900000,  -0.52000,
,,,00.000062000000,  -0.48000,
,,,00.000062100000,  -0.48000,
,,,00.000062200000,  -0.44000,
,,,00.000062300000,  -0.42000,
,,,00.000062400000,  -0.42000,
,,,00.000062500000,  -0.40000,
,,,00.000062600000,  -0.36000,
,,,00.000062700000,  -0.34000,
,,,00.000062800000,  -0.34000,
,,,00.000062900000,  -0.34000,
,,,00.000063000000,  -0.32000,
,,,00.000063100000,  -0.30000,
,,,00.000063200000,  -0.26000,
,,,00.000063300000,  -0.26000,
,,,00.000063400000,  -0.24000,
,,,00.000063500000,  -0.20000,
,,,00.000063600000,  -0.20000,
,,,00.000063700000,  -0.16000,
,,,00.000063800000,  -0.16000,
,,,00.000063900000,  -0.16000,
,,,00.000064000000,  -0.12000,
,,,00.000064100000,  -0.14000,
,,,00.000064200000,  -0.10000,
,,,00.000064300000,  -0.10000,
,,,00.000064400000,  -0.10000,
,,,00.000064500000,  -0.08000,
,,,00.000064600000,  -0.04000,
,,,00.000064700000,  -0.08000,
,,,00.000064800000,  -0.04000,
,,,00.000064900000,  -0.02000,
,,,00.000065000000,   0.00000,
,,,00.000065100000,   0.02000,
,,,00.000065200000,   0.04000,
,,,00.000065300000,   0.00000,
,,,00.000065400000,   0.02000,
,,,00.000065500000,   0.04000,
,,,00.000065600000,   0.06000,
,,,00.000065700000,   0.04000,
,,,00.000065800000,   0.08000,
,,,00.000065900000,   0.10000,
,,,00.000066000000,   0.08000,
,,,00.000066100000,   0.12000,
,,,00.000066200000,   0.10000,
,,,00.000066300000,   0.10000,
,,,00.000066400000,   0.12000,
,,,00.000066500000,   0.12000,
,,,00.000066600000,   0.14000,
,,,00.000066700000,   0.12000,
,,,00.000066800000,   0.14000,
,,,00.000066900000,   0.14000,
,,,00.000067000000,   0.12000,
,,,00.000067100000,   0.12000,
,,,00.000067200000,   0.16000,
,,,00.000067300000,   0.12000,
,,,00.000067400000,   0.12000,
,,,00.000067500000,   0.12000,
,,,00.000067600000,   0.12000,
,,,00.000067700000,   0.14000,
,,,00.000067800000,   0.12000,
,,,00.000067900000,   0.12000,
,,,00.000068000000,   0.14000,
,,,00.000068100000,   0.12000,
,,,00.000068200000,   0.10000,
,,,00.000068300000,   0.14000,
,,,00.000068400000,   0.12000,
,,,00.000068500000,   0.12000,
,,,00.000068600000,   0.12000,
,,,00.000068700000,   0.10000,
,,,00.000068800000,   0.10000,
,,,00.000068900000,   0.10000,
,,,00.000069000000,   0.12000,
,,,00.000069100000,   0.10000,
,,,00.000069200000,   0.08000,
,,,00.000069300000,   0.08000,
,,,00.000069400000,   0.06000,
,,,00.000069500000,   0.06000,
,,,00.000069600000,   0.06000,
,,,00.000069700000,   0.06000,
,,,00.000069800000,   0.02000,
,,,00.000069900000,   0.02000,
,,,00.000070000000,   0.00000,
,,,00.000070100000,   0.02000,
,,,00.000070200000,   0.00000,
,,,00.000070300000,  -0.02000,
,,,00.000070400000,  -0.06000,
,,,00.000070500000,  -0.06000,
,,,00.000070600000,  -0.06000,
,,,00.000070700000,  -0.08000,
,,,00.000070800000,  -0.10000,
,,,00.000070900000,  -0.08000,
,,,00.000071000000,  -0.10000,
,,,00.000071100000,  -0.12000,
,,,00.000071200000,  -0.10000,
,,,00.000071300000,  -0.14000,
,,,00.000071400000,  -0.14000,
,,,00.000071500000,  -0.14000,
,,,00.000071600000,  -0.18000,
,,,00.000071700000,  -0.22000,
,,,00.000071800000,  -0.20000,
,,,00.000071900000,  -0.20000,
,,,00.000072000000,  -0.24000,
,,,00.000072100000,  -0.26000,
,,,00.000072200000,  -0.30000,
,,,00.000072300000,  -0.32000,
,,,00.000072400000,  -0.32000,
,,,00.000072500000,  -0.34000,
,,,00.000072600000,  -0.38000,
,,,00.000072700000,  -0.38000,
,,,00.000072800000,  -0.40000,
,,,00.000072900000,  -0.42000,
,,,00.000073000000,  -0.44000,
,,,00.000073100000,  -0.42000,
,,,00.000073200000,  -0.44000,
,,,00.000073300000,  -0.48000,
,,,00.000073400000,  -0.50000,
,,,00.000073500000,  -0.54000,
,,,00.000073600000,  -0.50000,
,,,00.000073700000,  -0.54000,
,,,00.000073800000,  -0.56000,
,,,00.000073900000,  -0.60000,
,,,00.000074000000,  -0.58000,
,,,00.000074100000,  -0.62000,
,,,00.000074200000,  -0.62000,
,,,00.000074300000,  -0.66000,
,,,00.000074400000,  -0.70000,
,,,00.000074500000,  -0.70000,
,,,00.000074600000,  -0.72000,
,,,00.000074700000,  -0.76000,
,,,00.000074800000,  -0.78000,
,,,00.000074900000,  -0.78000,
,,,00.000075000000,  -0.80000,
,,,00.000075100000,  -0.82000,
,,,00.000075200000,  -0.84000,
,,,00.000075300000,  -0.88000,
,,,00.000075400000,  -0.90000,
,,,00.000075500000,  -0.88000,
,,,00.000075600000,  -0.94000,
,,,00.000075700000,  -0.94000,
,,,00.000075800000,  -0.98000,
,,,00.000075900000,  -1.00000,
,,,00.000076000000,  -1.00000,
,,,00.000076100000,  -0.98000,
,,,00.000076200000,  -1.04000,
,,,00.000076300000,  -1.06000,
,,,00.000076400000,  -1.10000,
,,,00.000076500000,  -1.08000,
,,,00.000076600000,  -1.12000,
,,,00.000076700000,  -1.10000,
,,,00.000076800000,  -1.16000,
,,,00.000076900000,  -1.18000,
,,,00.000077000000,  -1.18000,
,,,00.000077100000,  -1.18000,
,,,00.000077200000,  -1.20000,
,,,00.000077300000,  -1.22000,
,,,00.000077400000,  -1.26000,
,,,00.000077500000,  -1.28000,
,,,00.000077600000,  -1.28000,
,,,00.000077700000,  -1.30000,
,,,00.000077800000,  -1.30000,
,,,00.000077900000,  -1.34000,
,,,00.000078000000,  -1.32000,
,,,00.000078100000,  -1.38000,
,,,00.000078200000,  -1.38000,
,,,00.000078300000,  -1.38000,
,,,00.000078400000,  -1.40000,
,,,00.000078500000,  -1.42000,
,,,00.000078600000,  -1.42000,
,,,00.000078700000,  -1.44000,
,,,00.000078800000,  -1.46000,
,,,00.000078900000,  -1.50000,
,,,00.000079000000,  -1.50000,
,,,00.000079100000,  -1.52000,
,,,00.000079200000,  -1.50000,
,,,00.000079300000,  -1.50000,
,,,00.000079400000,  -1.52000,
,,,00.000079500000,  -1.52000,
,,,00.000079600000,  -1.56000,
,,,00.000079700000,  -1.58000,
,,,00.000079800000,  -1.56000,
,,,00.000079900000,  -1.54000,
,,,00.000080000000,  -1.60000,
,,,00.000080100000,  -1.58000,
,,,00.000080200000,  -1.60000,
,,,00.000080300000,  -1.62000,
,,,00.000080400000,  -1.64000,
,,,00.000080500000,  -1.60000,
,,,00.000080600000,  -1.66000,
,,,00.000080700000,  -1.62000,
,,,00.000080800000,  -1.64000,
,,,00.000080900000,  -1.64000,
,,,00.000081000000,  -1.66000,
,,,00.000081100000,  -1.64000,
,,,00.000081200000,  -1.66000,
,,,00.000081300000,  -1.66000,
,,,00.000081400000,  -1.68000,
,,,00.000081500000,  -1.66000,
,,,00.000081600000,  -1.70000,
,,,00.000081700000,  -1.68000,
,,,00.000081800000,  -1.68000,
,,,00.000081900000,  -1.66000,
,,,00.000082000000,  -1.68000,
,,,00.000082100000,  -1.68000,
,,,00.000082200000,  -1.68000,
,,,00.000082300000,  -1.68000,
,,,00.000082400000,  -1.68000,
,,,00.000082500000,  -1.68000,
,,,00.000082600000,  -1.64000,
,,,00.000082700000,  -1.66000,
,,,00.000082800000,  -1.66000,
,,,00.000082900000,  -1.66000,
,,,00.000083000000,  -1.64000,
,,,00.000083100000,  -1.68000,
,,,00.000083200000,  -1.66000,
,,,00.000083300000,  -1.66000,
,,,00.000083400000,  -1.66000,
,,,00.000083500000,  -1.64000,
,,,00.000083600000,  -1.66000,
,,,00.000083700000,  -1.62000,
,,,00.000083800000,  -1.62000,
,,,00.000083900000,  -1.62000,
,,,00.000084000000,  -1.60000,
,,,00.000084100000,  -1.62000,
,,,00.000084200000,  -1.56000,
,,,00.000084300000,  -1.58000,
,,,00.000084400000,  -1.60000,
,,,00.000084500000,  -1.56000,
,,,00.000084600000,  -1.56000,
,,,00.000084700000,  -1.54000,
,,,00.000084800000,  -1.52000,
,,,00.000084900000,  -1.54000,
,,,00.000085000000,  -1.50000,
,,,00.000085100000,  -1.50000,
,,,00.000085200000,  -1.50000,
,,,00.000085300000,  -1.48000,
,,,00.000085400000,  -1.48000,
,,,00.000085500000,  -1.44000,
,,,00.000085600000,  -1.46000,
,,,00.000085700000,  -1.44000,
,,,00.000085800000,  -1.40000,
,,,00.000085900000,  -1.42000,
,,,00.000086000000,  -1.36000,
,,,00.000086100000,  -1.38000,
,,,00.000086200000,  -1.36000,
,,,00.000086300000,  -1.34000,
,,,00.000086400000,  -1.32000,
,,,00.000086500000,  -1.34000,
,,,00.000086600000,  -1.30000,
,,,00.000086700000,  -1.26000,
,,,00.000086800000,  -1.26000,
,,,00.000086900000,  -1.24000,
,,,00.000087000000,  -1.22000,
,,,00.000087100000,  -1.20000,
,,,00.000087200000,  -1.20000,
,,,00.000087300000,  -1.16000,
,,,00.000087400000,  -1.14000,
,,,00.000087500000,  -1.12000,
,,,00.000087600000,  -1.12000,
,,,00.000087700000,  -1.12000,
,,,00.000087800000,  -1.08000,
,,,00.000087900000,  -1.08000,
,,,00.000088000000,  -1.06000,
,,,00.000088100000,  -1.04000,
,,,00.000088200000,  -1.00000,
,,,00.000088300000,  -0.98000,
,,,00.000088400000,  -0.98000,
,,,00.000088500000,  -0.96000,
,,,00.000088600000,  -0.96000,
,,,00.000088700000,  -0.94000,
,,,00.000088800000,  -0.92000,
,,,00.000088900000,  -0.90000,
,,,00.000089000000,  -0.88000,
,,,00.000089100000,  -0.86000,
,,,00.000089200000,  -0.84000,
,,,00.000089300000,  -0.82000,
,,,00.000089400000,  -0.80000,
,,,00.000089500000,  -0.80000,
,,,00.000089600000,  -0.78000,
,,,00.000089700000,  -0.74000,
,,,00.000089800000,  -0.74000,
,,,00.000089900000,  -0.72000,
,,,00.000090000000,  -0.68000,
,,,00.000090100000,  -0.66000,
,,,00.000090200000,  -0.66000,
,,,00.000090300000,  -0.64000,
,,,00.000090400000,  -0.62000,
,,,00.000090500000,  -0.62000,
,,,00.000090600000,  -0.58000,
,,,00.000090700000,  -0.56000,
,,,00.000090800000,  -0.56000,
,,,00.000090900000,  -0.54000,
,,,00.000091000000,  -0.50000,
,,,00.000091100000,  -0.50000,
,,,00.000091200000,  -0.48000,
,,,00.000091300000,  -0.48000,
,,,00.000091400000,  -0.48000,
,,,00.000091500000,  -0.44000,
,,,00.000091600000,  -0.44000,
,,,00.000091700000,  -0.40000,
,,,00.000091800000,  -0.38000,
,,,00.000091900000,  -0.38000,
,,,00.000092000000,  -0.36000,
,,,00.000092100000,  -0.36000,
,,,00.000092200000,  -0.34000,
,,,00.000092300000,  -0.30000,
,,,00.000092400000,  -0.30000,
,,,00.000092500000,  -0.30000,
,,,00.000092600000,  -0.26000,
,,,00.000092700000,  -0.26000,
,,,00.000092800000,  -0.24000,
,,,00.000092900000,  -0.22000,
,,,00.000093000000,  -0.22000,
,,,00.000093100000,  -0.20000,
,,,00.000093200000,  -0.20000,
,,,00.000093300000,  -0.18000,
,,,00.000093400000,  -0.18000,
,,,00.000093500000,  -0.16000,
,,,00.000093600000,  -0.16000,
,,,00.000093700000,  -0.18000,
,,,00.000093800000,  -0.16000,
,,,00.000093900000,  -0.16000,
,,,00.000094000000,  -0.14000,
,,,00.000094100000,  -0.14000,
,,,00.000094200000,  -0.14000,
,,,00.000094300000,  -0.12000,
,,,00.000094400000,  -0.12000,
,,,00.000094500000,  -0.10000,
,,,00.000094600000,  -0.08000,
,,,00.000094700000,  -0.06000,
,,,00.000094800000,  -0.04000,
,,,00.000094900000,  -0.04000,
,,,00.000095000000,  -0.04000,
,,,00.000095100000,  -0.04000,
,,,00.000095200000,  -0.02000,
,,,00.000095300000,  -0.02000,
,,,00.000095400000,  -0.02000,
,,,00.000095500000,  -0.04000,
,,,00.000095600000,   0.00000,
,,,00.000095700000,  -0.02000,
,,,00.000095800000,   0.00000,
,,,00.000095900000,   0.00000,
,,,00.000096000000,   0.00000,
,,,00.000096100000,   0.00000,
,,,00.000096200000,   0.00000,
,,,00.000096300000,  -0.02000,
,,,00.000096400000,  -0.02000,
,,,00.000096500000,   0.00000,
,,,00.000096600000,   0.02000,
,,,00.000096700000,   0.00000,
,,,00.000096800000,   0.02000,
,,,00.000096900000,   0.02000,
,,,00.000097000000,  -0.02000,
,,,00.000097100000,  -0.02000,
,,,00.000097200000,  -0.02000,
,,,00.000097300000,  -0.02000,
,,,00.000097400000,  -0.02000,
,,,00.000097500000,  -0.02000,
,,,00.000097600000,  -0.04000,
,,,00.000097700000,  -0.02000,
,,,00.000097800000,  -0.02000,
,,,00.000097900000,  -0.04000,
,,,00.000098000000,  -0.06000,
,,,00.000098100000,  -0.04000,
,,,00.000098200000,  -0.06000,
,,,00.000098300000,  -0.06000,
,,,00.000098400000,  -0.06000,
,,,00.000098500000,  -0.08000,
,,,00.000098600000,  -0.06000,
,,,00.000098700000,  -0.10000,
,,,00.000098800000,  -0.10000,
,,,00.000098900000,  -0.10000,
,,,00.000099000000,  -0.12000,
,,,00.000099100000,  -0.16000,
,,,00.000099200000,  -0.12000,
,,,00.000099300000,  -0.14000,
,,,00.000099400000,  -0.14000,
,,,00.000099500000,  -0.16000,
,,,00.000099600000,  -0.16000,
,,,00.000099700000,  -0.16000,
,,,00.000099800000,  -0.18000,
,,,00.000099900000,  -0.20000,
,,,00.000100000000,  -0.20000,
,,,00.000100100000,  -0.22000,
,,,00.000100200000,  -0.24000,
,,,00.000100300000,  -0.24000,
,,,00.000100400000,  -0.26000,
,,,00.000100500000,  -0.28000,
,,,00.000100600000,  -0.28000,
,,,00.000100700000,  -0.30000,
,,,00.000100800000,  -0.32000,
,,,00.000100900000,  -0.32000,
,,,00.000101000000,  -0.32000,
,,,00.000101100000,  -0.34000,
,,,00.000101200000,  -0.36000,
,,,00.000101300000,  -0.40000,
,,,00.000101400000,  -0.42000,
,,,00.000101500000,  -0.44000,
,,,00.000101600000,  -0.42000,
,,,00.000101700000,  -0.44000,
,,,00.000101800000,  -0.44000,
,,,00.000101900000,  -0.48000,
,,,00.000102000000,  -0.50000,
,,,00.000102100000,  -0.50000,
,,,00.000102200000,  -0.52000,
,,,00.000102300000,  -0.54000,
,,,00.000102400000,  -0.56000,
,,,00.000102500000,  -0.58000,
,,,00.000102600000,  -0.58000,
,,,00.000102700000,  -0.60000,
,,,00.000102800000,  -0.62000,
,,,00.000102900000,  -0.62000,
,,,00.000103000000,  -0.64000,
,,,00.000103100000,  -0.68000,
,,,00.000103200000,  -0.68000,
,,,00.000103300000,  -0.70000,
,,,00.000103400000,  -0.72000,
,,,00.000103500000,  -0.74000,
,,,00.000103600000,  -0.76000,
,,,00.000103700000,  -0.76000,
,,,00.000103800000,  -0.78000,
,,,00.000103900000,  -0.80000,
,,,00.000104000000,  -0.80000,
,,,00.000104100000,  -0.82000,
,,,00.000104200000,  -0.86000,
,,,00.000104300000,  -0.86000,
,,,00.000104400000,  -0.86000,
,,,00.000104500000,  -0.90000,
,,,00.000104600000,  -0.92000,
,,,00.000104700000,  -0.94000,
,,,00.000104800000,  -0.92000,
,,,00.000104900000,  -0.96000,
,,,00.000105000000,  -0.98000,
,,,00.000105100000,  -1.00000,
,,,00.000105200000,  -1.02000,
,,,00.000105300000,  -1.04000,
,,,00.000105400000,  -1.04000,
,,,00.000105500000,  -1.08000,
,,,00.000105600000,  -1.10000,
,,,00.000105700000,  -1.10000,
,,,00.000105800000,  -1.10000,
,,,00.000105900000,  -1.14000,
,,,00.000106000000,  -1.18000,
,,,00.000106100000,  -1.16000,
,,,00.000106200000,  -1.18000,
,,,00.000106300000,  -1.18000,
,,,00.000106400000,  -1.22000,
,,,00.000106500000,  -1.20000,
,,,00.000106600000,  -1.20000,
,,,00.000106700000,  -1.24000,
,,,00.000106800000,  -1.24000,
,,,00.000106900000,  -1.26000,
,,,00.000107000000,  -1.28000,
,,,00.000107100000,  -1.30000,
,,,00.000107200000,  -1.32000,
,,,00.000107300000,  -1.32000,
,,,00.000107400000,  -1.32000,
,,,00.000107500000,  -1.34000,
,,,00.000107600000,  -1.34000,
,,,00.000107700000,  -1.36000,
,,,00.000107800000,  -1.38000,
,,,00.000107900000,  -1.40000,
,,,00.000108000000,  -1.36000,
,,,00.000108100000,  -1.40000,
,,,00.000108200000,  -1.40000,
,,,00.000108300000,  -1.44000,
,,,00.000108400000,  -1.44000,
,,,00.000108500000,  -1.44000,
,,,00.000108600000,  -1.46000,
,,,00.000108700000,  -1.46000,
,,,00.000108800000,  -1.50000,
,,,00.000108900000,  -1.46000,
,,,00.000109000000,  -1.46000,
,,,00.000109100000,  -1.48000,
,,,00.000109200000,  -1.46000,
,,,00.000109300000,  -1.52000,
,,,00.000109400000,  -1.52000,
,,,00.000109500000,  -1.52000,
,,,00.000109600000,  -1.50000,
,,,00.000109700000,  -1.54000,
,,,00.000109800000,  -1.52000,
,,,00.000109900000,  -1.50000,
,,,00.000110000000,  -1.52000,
,,,00.000110100000,  -1.52000,
,,,00.000110200000,  -1.54000,
,,,00.000110300000,  -1.54000,
,,,00.000110400000,  -1.52000,
,,,00.000110500000,  -1.56000,
,,,00.000110600000,  -1.54000,
,,,00.000110700000,  -1.56000,
,,,00.000110800000,  -1.52000,
,,,00.000110900000,  -1.54000,
,,,00.000111000000,  -1.52000,
,,,00.000111100000,  -1.54000,
,,,00.000111200000,  -1.54000,
,,,00.000111300000,  -1.56000,
,,,00.000111400000,  -1.56000,
,,,00.000111500000,  -1.54000,
,,,00.000111600000,  -1.56000,
,,,00.000111700000,  -1.54000,
,,,00.000111800000,  -1.54000,
,,,00.000111900000,  -1.54000,
,,,00.000112000000,  -1.54000,
,,,00.000112100000,  -1.54000,
,,,00.000112200000,  -1.52000,
,,,00.000112300000,  -1.54000,
,,,00.000112400000,  -1.52000,
,,,00.000112500000,  -1.52000,
,,,00.000112600000,  -1.52000,
,,,00.000112700000,  -1.52000,
,,,00.000112800000,  -1.50000,
,,,00.000112900000,  -1.50000,
,,,00.000113000000,  -1.48000,
,,,00.000113100000,  -1.46000,
,,,00.000113200000,  -1.46000,
,,,00.000113300000,  -1.46000,
,,,00.000113400000,  -1.42000,
,,,00.000113500000,  -1.44000,
,,,00.000113600000,  -1.42000,
,,,00.000113700000,  -1.40000,
,,,00.000113800000,  -1.40000,
,,,00.000113900000,  -1.38000,
,,,00.000114000000,  -1.40000,
,,,00.000114100000,  -1.38000,
,,,00.000114200000,  -1.40000,
,,,00.000114300000,  -1.34000,
,,,00.000114400000,  -1.36000,
,,,00.000114500000,  -1.30000,
,,,00.000114600000,  -1.34000,
,,,00.000114700000,  -1.34000,
,,,00.000114800000,  -1.34000,
,,,00.000114900000,  -1.32000,
,,,00.000115000000,  -1.28000,
,,,00.000115100000,  -1.30000,
,,,00.000115200000,  -1.26000,
,,,00.000115300000,  -1.24000,
,,,00.000115400000,  -1.26000,
,,,00.000115500000,  -1.24000,
,,,00.000115600000,  -1.22000,
,,,00.000115700000,  -1.20000,
,,,00.000115800000,  -1.20000,
,,,00.000115900000,  -1.16000,
,,,00.000116000000,  -1.16000,
,,,00.000116100000,  -1.16000,
,,,00.000116200000,  -1.12000,
,,,00.000116300000,  -1.12000,
,,,00.000116400000,  -1.10000,
,,,00.000116500000,  -1.08000,
,,,00.000116600000,  -1.06000,
,,,00.000116700000,  -1.04000,
,,,00.000116800000,  -1.02000,
,,,00.000116900000,  -1.04000,
,,,00.000117000000,  -1.02000,
,,,00.000117100000,  -0.98000,
,,,00.000117200000,  -0.96000,
,,,00.000117300000,  -0.98000,
,,,00.000117400000,  -0.94000,
,,,00.000117500000,  -0.94000,
,,,00.000117600000,  -0.92000,
,,,00.000117700000,  -0.90000,
,,,00.000117800000,  -0.88000,
,,,00.000117900000,  -0.86000,
,,,00.000118000000,  -0.84000,
,,,00.000118100000,  -0.82000,
,,,00.000118200000,  -0.84000,
,,,00.000118300000,  -0.82000,
,,,00.000118400000,  -0.82000,
,,,00.000118500000,  -0.78000,
,,,00.000118600000,  -0.76000,
,,,00.000118700000,  -0.78000,
,,,00.000118800000,  -0.74000,
,,,00.000118900000,  -0.72000,
,,,00.000119000000,  -0.68000,
,,,00.000119100000,  -0.68000,
,,,00.000119200000,  -0.66000,
,,,00.000119300000,  -0.66000,
,,,00.000119400000,  -0.64000,
,,,00.000119500000,  -0.64000,
,,,00.000119600000,  -0.62000,
,,,00.000119700000,  -0.58000,
,,,00.000119800000,  -0.58000,
,,,00.000119900000,  -0.56000,
,,,00.000120000000,  -0.56000,
,,,00.000120100000,  -0.52000,
,,,00.000120200000,  -0.52000,
,,,00.000120300000,  -0.52000,
,,,00.000120400000,  -0.48000,
,,,00.000120500000,  -0.50000,
,,,00.000120600000,  -0.48000,
,,,00.000120700000,  -0.46000,
,,,00.000120800000,  -0.42000,
,,,00.000120900000,  -0.42000,
,,,00.000121000000,  -0.42000,
,,,00.000121100000,  -0.40000,
,,,00.000121200000,  -0.40000,
,,,00.000121300000,  -0.38000,
,,,00.000121400000,  -0.36000,
,,,00.000121500000,  -0.36000,
,,,00.000121600000,  -0.32000,
,,,00.000121700000,  -0.32000,
,,,00.000121800000,  -0.34000,
,,,00.000121900000,  -0.32000,
,,,00.000122000000,  -0.30000,
,,,00.000122100000,  -0.30000,
,,,00.000122200000,  -0.28000,
,,,00.000122300000,  -0.30000,
,,,00.000122400000,  -0.28000,
,,,00.000122500000,  -0.26000,
,,,00.000122600000,  -0.24000,
,,,00.000122700000,  -0.22000,
,,,00.000122800000,  -0.22000,
,,,00.000122900000,  -0.22000,
,,,00.000123000000,  -0.20000,
,,,00.000123100000,  -0.22000,
,,,00.000123200000,  -0.20000,
,,,00.000123300000,  -0.20000,
,,,00.000123400000,  -0.18000,
,,,00.000123500000,  -0.18000,
,,,00.000123600000,  -0.18000,
,,,00.000123700000,  -0.16000,
,,,00.000123800000,  -0.16000,
,,,00.000123900000,  -0.14000,
,,,00.000124000000,  -0.18000,
,,,00.000124100000,  -0.14000,
,,,00.000124200000,  -0.14000,
,,,00.000124300000,  -0.14000,
,,,00.000124400000,  -0.14000,
,,,00.000124500000,  -0.12000,
,,,00.000124600000,  -0.16000,
,,,00.000124700000,  -0.12000,
,,,00.000124800000,  -0.12000,
,,,00.000124900000,  -0.08000,
,,,00.000125000000,  -0.14000,
,,,00.000125100000,  -0.12000,
,,,00.000125200000,  -0.12000,
,,,00.000125300000,  -0.14000,
,,,00.000125400000,  -0.08000,
,,,00.000125500000,  -0.10000,
,,,00.000125600000,  -0.12000,
,,,00.000125700000,  -0.14000,
,,,00.000125800000,  -0.14000,
,,,00.000125900000,  -0.12000,
,,,00.000126000000,  -0.14000,
,,,00.000126100000,  -0.14000,
,,,00.000126200000,  -0.14000,
,,,00.000126300000,  -0.12000,
,,,00.000126400000,  -0.16000,
,,,00.000126500000,  -0.12000,
,,,00.000126600000,  -0.12000,
,,,00.000126700000,  -0.18000,
,,,00.000126800000,  -0.16000,
,,,00.000126900000,  -0.18000,
,,,00.000127000000,  -0.16000,
,,,00.000127100000,  -0.16000,
,,,00.000127200000,  -0.18000,
,,,00.000127300000,  -0.16000,
,,,00.000127400000,  -0.20000,
,,,00.000127500000,  -0.18000,
,,,00.000127600000,  -0.20000,
,,,00.000127700000,  -0.22000,
,,,00.000127800000,  -0.20000,
,,,00.000127900000,  -0.22000,
,,,00.000128000000,  -0.20000,
,,,00.000128100000,  -0.22000,
,,,00.000128200000,  -0.24000,
,,,00.000128300000,  -0.24000,
,,,00.000128400000,  -0.26000,
,,,00.000128500000,  -0.28000,
,,,00.000128600000,  -0.28000,
,,,00.000128700000,  -0.28000,
,,,00.000128800000,  -0.30000,
,,,00.000128900000,  -0.30000,
,,,00.000129000000,  -0.30000,
,,,00.000129100000,  -0.32000,
,,,00.000129200000,  -0.34000,
,,,00.000129300000,  -0.34000,
,,,00.000129400000,  -0.34000,
,,,00.000129500000,  -0.36000,
,,,00.000129600000,  -0.36000,
,,,00.000129700000,  -0.38000,
,,,00.000129800000,  -0.40000,
,,,00.000129900000,  -0.40000,
,,,00.000130000000,  -0.42000,
,,,00.000130100000,  -0.42000,
,,,00.000130200000,  -0.44000,
,,,00.000130300000,  -0.44000,
,,,00.000130400000,  -0.46000,
,,,00.000130500000,  -0.46000,
,,,00.000130600000,  -0.48000,
,,,00.000130700000,  -0.48000,
,,,00.000130800000,  -0.52000,
,,,00.000130900000,  -0.54000,
,,,00.000131000000,  -0.54000,
,,,00.000131100000,  -0.56000,
,,,00.000131200000,  -0.56000,
,,,00.000131300000,  -0.58000,
,,,00.000131400000,  -0.60000,
,,,00.000131500000,  -0.62000,
,,,00.000131600000,  -0.66000,
,,,00.000131700000,  -0.66000,
,,,00.000131800000,  -0.68000,
,,,00.000131900000,  -0.66000,
,,,00.000132000000,  -0.68000,
,,,00.000132100000,  -0.68000,
,,,00.000132200000,  -0.72000,
,,,00.000132300000,  -0.76000,
,,,00.000132400000,  -0.74000,
,,,00.000132500000,  -0.74000,
,,,00.000132600000,  -0.78000,
,,,00.000132700000,  -0.80000,
,,,00.000132800000,  -0.82000,
,,,00.000132900000,  -0.80000,
,,,00.000133000000,  -0.82000,
,,,00.000133100000,  -0.84000,
,,,00.000133200000,  -0.86000,
,,,00.000133300000,  -0.88000,
,,,00.000133400000,  -0.88000,
,,,00.000133500000,  -0.92000,
,,,00.000133600000,  -0.90000,
,,,00.000133700000,  -0.90000,
,,,00.000133800000,  -0.92000,
,,,00.000133900000,  -0.94000,
,,,00.000134000000,  -0.98000,
,,,00.000134100000,  -0.98000,
,,,00.000134200000,  -0.98000,
,,,00.000134300000,  -1.00000,
,,,00.000134400000,  -1.00000,
,,,00.000134500000,  -1.02000,
,,,00.000134600000,  -1.06000,
,,,00.000134700000,  -1.08000,
,,,00.000134800000,  -1.08000,
,,,00.000134900000,  -1.08000,
,,,00.000135000000,  -1.10000,
,,,00.000135100000,  -1.12000,
,,,00.000135200000,  -1.12000,
,,,00.000135300000,  -1.16000,
,,,00.000135400000,  -1.16000,
,,,00.000135500000,  -1.16000,
,,,00.000135600000,  -1.18000,
,,,00.000135700000,  -1.20000,
,,,00.000135800000,  -1.20000,
,,,00.000135900000,  -1.20000,
,,,00.000136000000,  -1.24000,
,,,00.000136100000,  -1.24000,
,,,00.000136200000,  -1.24000,
,,,00.000136300000,  -1.22000,
,,,00.000136400000,  -1.24000,
,,,00.000136500000,  -1.26000,
,,,00.000136600000,  -1.28000,
,,,00.000136700000,  -1.30000,
,,,00.000136800000,  -1.30000,
,,,00.000136900000,  -1.28000,
,,,00.000137000000,  -1.34000,
,,,00.000137100000,  -1.32000,
,,,00.000137200000,  -1.30000,
,,,00.000137300000,  -1.32000,
,,,00.000137400000,  -1.32000,
,,,00.000137500000,  -1.34000,
,,,00.000137600000,  -1.38000,
,,,00.000137700000,  -1.36000,
,,,00.000137800000,  -1.38000,
,,,00.000137900000,  -1.36000,
,,,00.000138000000,  -1.38000,
,,,00.000138100000,  -1.40000,
,,,00.000138200000,  -1.38000,
,,,00.000138300000,  -1.42000,
,,,00.000138400000,  -1.40000,
,,,00.000138500000,  -1.38000,
,,,00.000138600000,  -1.42000,
,,,00.000138700000,  -1.42000,
,,,00.000138800000,  -1.42000,
,,,00.000138900000,  -1.42000,
,,,00.000139000000,  -1.42000,
,,,00.000139100000,  -1.46000,
,,,00.000139200000,  -1.42000,
,,,00.000139300000,  -1.42000,
,,,00.000139400000,  -1.44000,
,,,00.000139500000,  -1.46000,
,,,00.000139600000,  -1.46000,
,,,00.000139700000,  -1.44000,
,,,00.000139800000,  -1.44000,
,,,00.000139900000,  -1.42000,
,,,00.000140000000,  -1.46000,
,,,00.000140100000,  -1.42000,
,,,00.000140200000,  -1.44000,
,,,00.000140300000,  -1.44000,
,,,00.000140400000,  -1.42000,
,,,00.000140500000,  -1.44000,
,,,00.000140600000,  -1.46000,
,,,00.000140700000,  -1.44000,
,,,00.000140800000,  -1.44000,
,,,00.000140900000,  -1.42000,
,,,00.000141000000,  -1.42000,
,,,00.000141100000,  -1.44000,
,,,00.000141200000,  -1.44000,
,,,00.000141300000,  -1.42000,
,,,00.000141400000,  -1.40000,
,,,00.000141500000,  -1.40000,
,,,00.000141600000,  -1.40000,
,,,00.000141700000,  -1.38000,
,,,00.000141800000,  -1.40000,
,,,00.000141900000,  -1.38000,
,,,00.000142000000,  -1.38000,
,,,00.000142100000,  -1.36000,
,,,00.000142200000,  -1.36000,
,,,00.000142300000,  -1.36000,
,,,00.000142400000,  -1.36000,
,,,00.000142500000,  -1.34000,
,,,00.000142600000,  -1.34000,
,,,00.000142700000,  -1.36000,
,,,00.000142800000,  -1.34000,
,,,00.000142900000,  -1.30000,
,,,00.000143000000,  -1.32000,
,,,00.000143100000,  -1.28000,
,,,00.000143200000,  -1.30000,
,,,00.000143300000,  -1.30000,
,,,00.000143400000,  -1.26000,
,,,00.000143500000,  -1.24000,
,,,00.000143600000,  -1.22000,
,,,00.000143700000,  -1.22000,
,,,00.000143800000,  -1.22000,
,,,00.000143900000,  -1.22000,
,,,00.000144000000,  -1.22000,
,,,00.000144100000,  -1.18000,
,,,00.000144200000,  -1.18000,
,,,00.000144300000,  -1.18000,
,,,00.000144400000,  -1.16000,
,,,00.000144500000,  -1.18000,
,,,00.000144600000,  -1.18000,
,,,00.000144700000,  -1.14000,
,,,00.000144800000,  -1.12000,
,,,00.000144900000,  -1.14000,
,,,00.000145000000,  -1.10000,
,,,00.000145100000,  -1.10000,
,,,00.000145200000,  -1.08000,
,,,00.000145300000,  -1.06000,
,,,00.000145400000,  -1.04000,
,,,00.000145500000,  -1.06000,
,,,00.000145600000,  -1.04000,
,,,00.000145700000,  -1.02000,
,,,00.000145800000,  -0.98000,
,,,00.000145900000,  -1.00000,
,,,00.000146000000,  -0.96000,
,,,00.000146100000,  -0.96000,
,,,00.000146200000,  -0.94000,
,,,00.000146300000,  -0.90000,
,,,00.000146400000,  -0.88000,
,,,00.000146500000,  -0.90000,
,,,00.000146600000,  -0.90000,
,,,00.000146700000,  -0.88000,
,,,00.000146800000,  -0.86000,
,,,00.000146900000,  -0.88000,
,,,00.000147000000,  -0.86000,
,,,00.000147100000,  -0.82000,
,,,00.000147200000,  -0.80000,
,,,00.000147300000,  -0.80000,
,,,00.000147400000,  -0.78000,
,,,00.000147500000,  -0.76000,
,,,00.000147600000,  -0.74000,
,,,00.000147700000,  -0.74000,
,,,00.000147800000,  -0.72000,
,,,00.000147900000,  -0.72000,
,,,00.000148000000,  -0.74000,
,,,00.000148100000,  -0.70000,
,,,00.000148200000,  -0.68000,
,,,00.000148300000,  -0.64000,
,,,00.000148400000,  -0.66000,
,,,00.000148500000,  -0.66000,
,,,00.000148600000,  -0.66000,
,,,00.000148700000,  -0.62000,
,,,00.000148800000,  -0.62000,
,,,00.000148900000,  -0.60000,
,,,00.000149000000,  -0.60000,
,,,00.000149100000,  -0.58000,
,,,00.000149200000,  -0.52000,
,,,00.000149300000,  -0.54000,
,,,00.000149400000,  -0.54000,
,,,00.000149500000,  -0.52000,
,,,00.000149600000,  -0.50000,
,,,00.000149700000,  -0.50000,
,,,00.000149800000,  -0.48000,
,,,00.000149900000,  -0.48000,
,,,00.000150000000,  -0.48000,
,,,00.000150100000,  -0.44000,
,,,00.000150200000,  -0.46000,
,,,00.000150300000,  -0.46000,
,,,00.000150400000,  -0.42000,
,,,00.000150500000,  -0.42000,
,,,00.000150600000,  -0.40000,
,,,00.000150700000,  -0.38000,
,,,00.000150800000,  -0.38000,
,,,00.000150900000,  -0.38000,
,,,00.000151000000,  -0.38000,
,,,00.000151100000,  -0.36000,
,,,00.000151200000,  -0.36000,
,,,00.000151300000,  -0.34000,
,,,00.000151400000,  -0.34000,
,,,00.000151500000,  -0.34000,
,,,00.000151600000,  -0.34000,
,,,00.000151700000,  -0.30000,
,,,00.000151800000,  -0.32000,
,,,00.000151900000,  -0.30000,
,,,00.000152000000,  -0.30000,
,,,00.000152100000,  -0.28000,
,,,00.000152200000,  -0.30000,
,,,00.000152300000,  -0.26000,
,,,00.000152400000,  -0.28000,
,,,00.000152500000,  -0.28000,
,,,00.000152600000,  -0.26000,
,,,00.000152700000,  -0.26000,
,,,00.000152800000,  -0.26000,
,,,00.000152900000,  -0.26000,
,,,00.000153000000,  -0.24000,
,,,00.000153100000,  -0.24000,
,,,00.000153200000,  -0.22000,
,,,00.000153300000,  -0.24000,
,,,00.000153400000,  -0.24000,
,,,00.000153500000,  -0.24000,
,,,00.000153600000,  -0.24000,
,,,00.000153700000,  -0.24000,
,,,00.000153800000,  -0.22000,
,,,00.000153900000,  -0.20000,
,,,00.000154000000,  -0.24000,
,,,00.000154100000,  -0.22000,
,,,00.000154200000,  -0.24000,
,,,00.000154300000,  -0.22000,
,,,00.000154400000,  -0.22000,
,,,00.000154500000,  -0.22000,
,,,00.000154600000,  -0.24000,
,,,00.000154700000,  -0.22000,
,,,00.000154800000,  -0.24000,
,,,00.000154900000,  -0.22000,
,,,00.000155000000,  -0.24000,
,,,00.000155100000,  -0.24000,
,,,00.000155200000,  -0.24000,
,,,00.000155300000,  -0.22000,
,,,00.000155400000,  -0.24000,
,,,00.000155500000,  -0.24000,
,,,00.000155600000,  -0.24000,
,,,00.000155700000,  -0.28000,
,,,00.000155800000,  -0.26000,
,,,00.000155900000,  -0.24000,
,,,00.000156000000,  -0.26000,
,,,00.000156100000,  -0.24000,
,,,00.000156200000,  -0.24000,
,,,00.000156300000,  -0.26000,
,,,00.000156400000,  -0.30000,
,,,00.000156500000,  -0.30000,
,,,00.000156600000,  -0.28000,
,,,00.000156700000,  -0.30000,
,,,00.000156800000,  -0.30000,
,,,00.000156900000,  -0.30000,
,,,00.000157000000,  -0.30000,
,,,00.000157100000,  -0.32000,
,,,00.000157200000,  -0.34000,
,,,00.000157300000,  -0.34000,
,,,00.000157400000,  -0.34000,
,,,00.000157500000,  -0.34000,
,,,00.000157600000,  -0.36000,
,,,00.000157700000,  -0.40000,
,,,00.000157800000,  -0.38000,
,,,00.000157900000,  -0.42000,
,,,00.000158000000,  -0.40000,
,,,00.000158100000,  -0.42000,
,,,00.000158200000,  -0.42000,
,,,00.000158300000,  -0.44000,
,,,00.000158400000,  -0.42000,
,,,00.000158500000,  -0.46000,
,,,00.000158600000,  -0.42000,
,,,00.000158700000,  -0.46000,
,,,00.000158800000,  -0.48000,
,,,00.000158900000,  -0.48000,
,,,00.000159000000,  -0.46000,
,,,00.000159100000,  -0.48000,
,,,00.000159200000,  -0.50000,
,,,00.000159300000,  -0.52000,
,,,00.000159400000,  -0.52000,
,,,00.000159500000,  -0.52000,
,,,00.000159600000,  -0.56000,
,,,00.000159700000,  -0.56000,
,,,00.000159800000,  -0.58000,
,,,00.000159900000,  -0.58000,
,,,00.000160000000,  -0.56000,
,,,00.000160100000,  -0.60000,
,,,00.000160200000,  -0.64000,
,,,00.000160300000,  -0.62000,
,,,00.000160400000,  -0.64000,
,,,00.000160500000,  -0.66000,
,,,00.000160600000,  -0.64000,
,,,00.000160700000,  -0.68000,
,,,00.000160800000,  -0.70000,
,,,00.000160900000,  -0.68000,
,,,00.000161000000,  -0.72000,
,,,00.000161100000,  -0.72000,
,,,00.000161200000,  -0.74000,
,,,00.000161300000,  -0.76000,
,,,00.000161400000,  -0.78000,
,,,00.000161500000,  -0.78000,
,,,00.000161600000,  -0.78000,
,,,00.000161700000,  -0.80000,
,,,00.000161800000,  -0.82000,
,,,00.000161900000,  -0.82000,
,,,00.000162000000,  -0.84000,
,,,00.000162100000,  -0.86000,
,,,00.000162200000,  -0.86000,
,,,00.000162300000,  -0.90000,
,,,00.000162400000,  -0.88000,
,,,00.000162500000,  -0.90000,
,,,00.000162600000,  -0.90000,
,,,00.000162700000,  -0.90000,
,,,00.000162800000,  -0.92000,
,,,00.000162900000,  -0.94000,
,,,00.000163000000,  -0.96000,
,,,00.000163100000,  -0.98000,
,,,00.000163200000,  -0.98000,
,,,00.000163300000,  -0.96000,
,,,00.000163400000,  -1.00000,
,,,00.000163500000,  -1.00000,
,,,00.000163600000,  -1.02000,
,,,00.000163700000,  -1.04000,
,,,00.000163800000,  -1.04000,
,,,00.000163900000,  -1.04000,
,,,00.000164000000,  -1.04000,
,,,00.000164100000,  -1.08000,
,,,00.000164200000,  -1.06000,
,,,00.000164300000,  -1.10000,
,,,00.000164400000,  -1.12000,
,,,00.000164500000,  -1.14000,
,,,00.000164600000,  -1.14000,
,,,00.000164700000,  -1.14000,
,,,00.000164800000,  -1.12000,
,,,00.000164900000,  -1.18000,
,,,00.000165000000,  -1.18000,
,,,00.000165100000,  -1.18000,
,,,00.000165200000,  -1.18000,
,,,00.000165300000,  -1.22000,
,,,00.000165400000,  -1.22000,
,,,00.000165500000,  -1.22000,
,,,00.000165600000,  -1.22000,
,,,00.000165700000,  -1.22000,
,,,00.000165800000,  -1.24000,
,,,00.000165900000,  -1.22000,
,,,00.000166000000,  -1.24000,
,,,00.000166100000,  -1.24000,
,,,00.000166200000,  -1.24000,
,,,00.000166300000,  -1.26000,
,,,00.000166400000,  -1.26000,
,,,00.000166500000,  -1.26000,
,,,00.000166600000,  -1.28000,
,,,00.000166700000,  -1.28000,
,,,00.000166800000,  -1.28000,
,,,00.000166900000,  -1.28000,
,,,00.000167000000,  -1.26000,
,,,00.000167100000,  -1.32000,
,,,00.000167200000,  -1.32000,
,,,00.000167300000,  -1.32000,
,,,00.000167400000,  -1.32000,
,,,00.000167500000,  -1.32000,
,,,00.000167600000,  -1.34000,
,,,00.000167700000,  -1.34000,
,,,00.000167800000,  -1.32000,
,,,00.000167900000,  -1.34000,
,,,00.000168000000,  -1.34000,
,,,00.000168100000,  -1.34000,
,,,00.000168200000,  -1.34000,
,,,00.000168300000,  -1.34000,
,,,00.000168400000,  -1.34000,
,,,00.000168500000,  -1.34000,
,,,00.000168600000,  -1.34000,
,,,00.000168700000,  -1.34000,
,,,00.000168800000,  -1.34000,
,,,00.000168900000,  -1.34000,
,,,00.000169000000,  -1.32000,
,,,00.000169100000,  -1.34000,
,,,00.000169200000,  -1.34000,
,,,00.000169300000,  -1.32000,
,,,00.000169400000,  -1.32000,
,,,00.000169500000,  -1.32000,
,,,00.000169600000,  -1.30000,
,,,00.000169700000,  -1.36000,
,,,00.000169800000,  -1.32000,
,,,00.000169900000,  -1.32000,
,,,00.000170000000,  -1.34000,
,,,00.000170100000,  -1.32000,
,,,00.000170200000,  -1.30000,
,,,00.000170300000,  -1.34000,
,,,00.000170400000,  -1.28000,
,,,00.000170500000,  -1.30000,
,,,00.000170600000,  -1.30000,
,,,00.000170700000,  -1.32000,
,,,00.000170800000,  -1.30000,
,,,00.000170900000,  -1.30000,
,,,00.000171000000,  -1.30000,
,,,00.000171100000,  -1.26000,
,,,00.000171200000,  -1.28000,
,,,00.000171300000,  -1.26000,
,,,00.000171400000,  -1.28000,
,,,00.000171500000,  -1.22000,
,,,00.000171600000,  -1.22000,
,,,00.000171700000,  -1.22000,
,,,00.000171800000,  -1.22000,
,,,00.000171900000,  -1.26000,
,,,00.000172000000,  -1.24000,
,,,00.000172100000,  -1.20000,
,,,00.000172200000,  -1.22000,
,,,00.000172300000,  -1.22000,
,,,00.000172400000,  -1.20000,
,,,00.000172500000,  -1.20000,
,,,00.000172600000,  -1.18000,
,,,00.000172700000,  -1.16000,
,,,00.000172800000,  -1.16000,
,,,00.000172900000,  -1.16000,
,,,00.000173000000,  -1.14000,
,,,00.000173100000,  -1.12000,
,,,00.000173200000,  -1.10000,
,,,00.000173300000,  -1.10000,
,,,00.000173400000,  -1.08000,
,,,00.000173500000,  -1.08000,
,,,00.000173600000,  -1.08000,
,,,00.000173700000,  -1.08000,
,,,00.000173800000,  -1.04000,
,,,00.000173900000,  -1.04000,
,,,00.000174000000,  -1.04000,
,,,00.000174100000,  -1.02000,
,,,00.000174200000,  -1.02000,
,,,00.000174300000,  -1.02000,
,,,00.000174400000,  -0.98000,
,,,00.000174500000,  -1.00000,
,,,00.000174600000,  -1.00000,
,,,00.000174700000,  -0.96000,
,,,00.000174800000,  -0.98000,
,,,00.000174900000,  -0.94000,
,,,00.000175000000,  -0.94000,
,,,00.000175100000,  -0.90000,
,,,00.000175200000,  -0.92000,
,,,00.000175300000,  -0.90000,
,,,00.000175400000,  -0.90000,
,,,00.000175500000,  -0.90000,
,,,00.000175600000,  -0.88000,
,,,00.000175700000,  -0.88000,
,,,00.000175800000,  -0.84000,
,,,00.000175900000,  -0.82000,
,,,00.000176000000,  -0.82000,
,,,00.000176100000,  -0.82000,
,,,00.000176200000,  -0.80000,
,,,00.000176300000,  -0.80000,
,,,00.000176400000,  -0.78000,
,,,00.000176500000,  -0.76000,
,,,00.000176600000,  -0.74000,
,,,00.000176700000,  -0.74000,
,,,00.000176800000,  -0.76000,
,,,00.000176900000,  -0.72000,
,,,00.000177000000,  -0.72000,
,,,00.000177100000,  -0.70000,
,,,00.000177200000,  -0.70000,
,,,00.000177300000,  -0.68000,
,,,00.000177400000,  -0.66000,
,,,00.000177500000,  -0.68000,
,,,00.000177600000,  -0.64000,
,,,00.000177700000,  -0.64000,
,,,00.000177800000,  -0.62000,
,,,00.000177900000,  -0.64000,
,,,00.000178000000,  -0.62000,
,,,00.000178100000,  -0.60000,
,,,00.000178200000,  -0.58000,
,,,00.000178300000,  -0.58000,
,,,00.000178400000,  -0.54000,
,,,00.000178500000,  -0.56000,
,,,00.000178600000,  -0.56000,
,,,00.000178700000,  -0.54000,
,,,00.000178800000,  -0.54000,
,,,00.000178900000,  -0.50000,
,,,00.000179000000,  -0.52000,
,,,00.000179100000,  -0.52000,
,,,00.000179200000,  -0.48000,
,,,00.000179300000,  -0.46000,
,,,00.000179400000,  -0.48000,
,,,00.000179500000,  -0.46000,
,,,00.000179600000,  -0.48000,
,,,00.000179700000,  -0.46000,
,,,00.000179800000,  -0.42000,
,,,00.000179900000,  -0.42000,
,,,00.000180000000,  -0.44000,
,,,00.000180100000,  -0.42000,
,,,00.000180200000,  -0.40000,
,,,00.000180300000,  -0.38000,
,,,00.000180400000,  -0.42000,
,,,00.000180500000,  -0.38000,
,,,00.000180600000,  -0.38000,
,,,00.000180700000,  -0.40000,
,,,00.000180800000,  -0.40000,
,,,00.000180900000,  -0.38000,
,,,00.000181000000,  -0.38000,
,,,00.000181100000,  -0.36000,
,,,00.000181200000,  -0.38000,
,,,00.000181300000,  -0.38000,
,,,00.000181400000,  -0.38000,
,,,00.000181500000,  -0.36000,
,,,00.000181600000,  -0.32000,
,,,00.000181700000,  -0.34000,
,,,00.000181800000,  -0.36000,
,,,00.000181900000,  -0.34000,
,,,00.000182000000,  -0.32000,
,,,00.000182100000,  -0.32000,
,,,00.000182200000,  -0.32000,
,,,00.000182300000,  -0.36000,
,,,00.000182400000,  -0.32000,
,,,00.000182500000,  -0.30000,
,,,00.000182600000,  -0.30000,
,,,00.000182700000,  -0.32000,
,,,00.000182800000,  -0.30000,
,,,00.000182900000,  -0.28000,
,,,00.000183000000,  -0.32000,
,,,00.000183100000,  -0.30000,
,,,00.000183200000,  -0.30000,
,,,00.000183300000,  -0.30000,
,,,00.000183400000,  -0.30000,
,,,00.000183500000,  -0.32000,
,,,00.000183600000,  -0.32000,
,,,00.000183700000,  -0.32000,
,,,00.000183800000,  -0.30000,
,,,00.000183900000,  -0.30000,
,,,00.000184000000,  -0.30000,
,,,00.000184100000,  -0.32000,
,,,00.000184200000,  -0.30000,
,,,00.000184300000,  -0.34000,
,,,00.000184400000,  -0.32000,
,,,00.000184500000,  -0.32000,
,,,00.000184600000,  -0.34000,
,,,00.000184700000,  -0.36000,
,,,00.000184800000,  -0.34000,
,,,00.000184900000,  -0.34000,
,,,00.000185000000,  -0.32000,
,,,00.000185100000,  -0.36000,
,,,00.000185200000,  -0.36000,
,,,00.000185300000,  -0.36000,
,,,00.000185400000,  -0.36000,
,,,00.000185500000,  -0.38000,
,,,00.000185600000,  -0.36000,
,,,00.000185700000,  -0.38000,
,,,00.000185800000,  -0.38000,
,,,00.000185900000,  -0.36000,
,,,00.000186000000,  -0.38000,
,,,00.000186100000,  -0.40000,
,,,00.000186200000,  -0.42000,
,,,00.000186300000,  -0.40000,
,,,00.000186400000,  -0.44000,
,,,00.000186500000,  -0.40000,
,,,00.000186600000,  -0.44000,
,,,00.000186700000,  -0.44000,
,,,00.000186800000,  -0.42000,
,,,00.000186900000,  -0.46000,
,,,00.000187000000,  -0.46000,
,,,00.000187100000,  -0.46000,
,,,00.000187200000,  -0.48000,
,,,00.000187300000,  -0.50000,
,,,00.000187400000,  -0.48000,
,,,00.000187500000,  -0.48000,
,,,00.000187600000,  -0.50000,
,,,00.000187700000,  -0.54000,
,,,00.000187800000,  -0.54000,
,,,00.000187900000,  -0.52000,
,,,00.000188000000,  -0.54000,
,,,00.000188100000,  -0.56000,
,,,00.000188200000,  -0.56000,
,,,00.000188300000,  -0.56000,
,,,00.000188400000,  -0.58000,
,,,00.000188500000,  -0.60000,
,,,00.000188600000,  -0.60000,
,,,00.000188700000,  -0.58000,
,,,00.000188800000,  -0.62000,
,,,00.000188900000,  -0.62000,
,,,00.000189000000,  -0.62000,
,,,00.000189100000,  -0.64000,
,,,00.000189200000,  -0.66000,
,,,00.000189300000,  -0.68000,
,,,00.000189400000,  -0.66000,
,,,00.000189500000,  -0.70000,
,,,00.000189600000,  -0.72000,
,,,00.000189700000,  -0.70000,
,,,00.000189800000,  -0.70000,
,,,00.000189900000,  -0.72000,
,,,00.000190000000,  -0.74000,
,,,00.000190100000,  -0.72000,
,,,00.000190200000,  -0.74000,
,,,00.000190300000,  -0.78000,
,,,00.000190400000,  -0.80000,
,,,00.000190500000,  -0.78000,
,,,00.000190600000,  -0.80000,
,,,00.000190700000,  -0.80000,
,,,00.000190800000,  -0.82000,
,,,00.000190900000,  -0.82000,
,,,00.000191000000,  -0.82000,
,,,00.000191100000,  -0.86000,
,,,00.000191200000,  -0.86000,
,,,00.000191300000,  -0.86000,
,,,00.000191400000,  -0.90000,
,,,00.000191500000,  -0.88000,
,,,00.000191600000,  -0.90000,
,,,00.000191700000,  -0.94000,
,,,00.000191800000,  -0.92000,
,,,00.000191900000,  -0.92000,
,,,00.000192000000,  -0.94000,
,,,00.000192100000,  -0.96000,
,,,00.000192200000,  -0.98000,
,,,00.000192300000,  -0.98000,
,,,00.000192400000,  -0.96000,
,,,00.000192500000,  -0.98000,
,,,00.000192600000,  -0.98000,
,,,00.000192700000,  -1.00000,
,,,00.000192800000,  -1.00000,
,,,00.000192900000,  -1.04000,
,,,00.000193000000,  -1.04000,
,,,00.000193100000,  -1.04000,
,,,00.000193200000,  -1.04000,
,,,00.000193300000,  -1.04000,
,,,00.000193400000,  -1.08000,
,,,00.000193500000,  -1.06000,
,,,00.000193600000,  -1.08000,
,,,00.000193700000,  -1.10000,
,,,00.000193800000,  -1.08000,
,,,00.000193900000,  -1.08000,
,,,00.000194000000,  -1.10000,
,,,00.000194100000,  -1.12000,
,,,00.000194200000,  -1.14000,
,,,00.000194300000,  -1.14000,
,,,00.000194400000,  -1.14000,
,,,00.000194500000,  -1.16000,
,,,00.000194600000,  -1.16000,
,,,00.000194700000,  -1.18000,
,,,00.000194800000,  -1.16000,
,,,00.000194900000,  -1.16000,
,,,00.000195000000,  -1.20000,
,,,00.000195100000,  -1.18000,
,,,00.000195200000,  -1.20000,
,,,00.000195300000,  -1.24000,
,,,00.000195400000,  -1.22000,
,,,00.000195500000,  -1.20000,
,,,00.000195600000,  -1.22000,
,,,00.000195700000,  -1.20000,
,,,00.000195800000,  -1.20000,
,,,00.000195900000,  -1.22000,
,,,00.000196000000,  -1.22000,
,,,00.000196100000,  -1.22000,
,,,00.000196200000,  -1.24000,
,,,00.000196300000,  -1.24000,
,,,00.000196400000,  -1.26000,
,,,00.000196500000,  -1.24000,
,,,00.000196600000,  -1.24000,
,,,00.000196700000,  -1.26000,
,,,00.000196800000,  -1.24000,
,,,00.000196900000,  -1.26000,
,,,00.000197000000,  -1.26000,
,,,00.000197100000,  -1.24000,
,,,00.000197200000,  -1.28000,
,,,00.000197300000,  -1.24000,
,,,00.000197400000,  -1.26000,
,,,00.000197500000,  -1.26000,
,,,00.000197600000,  -1.26000,
,,,00.000197700000,  -1.26000,
,,,00.000197800000,  -1.26000,
,,,00.000197900000,  -1.30000,
,,,00.000198000000,  -1.28000,
,,,00.000198100000,  -1.26000,
,,,00.000198200000,  -1.24000,
,,,00.000198300000,  -1.24000,
,,,00.000198400000,  -1.28000,
,,,00.000198500000,  -1.24000,
,,,00.000198600000,  -1.28000,
,,,00.000198700000,  -1.24000,
,,,00.000198800000,  -1.28000,
,,,00.000198900000,  -1.24000,
,,,00.000199000000,  -1.24000,
,,,00.000199100000,  -1.26000,
,,,00.000199200000,  -1.26000,
,,,00.000199300000,  -1.22000,
,,,00.000199400000,  -1.22000,
,,,00.000199500000,  -1.24000,
,,,00.000199600000,  -1.22000,
,,,00.000199700000,  -1.24000,
,,,00.000199800000,  -1.20000,
,,,00.000199900000,  -1.20000,
,,,00.000200000000,  -1.20000,
,,,00.000200100000,  -1.18000,
,,,00.000200200000,  -1.20000,
,,,00.000200300000,  -1.20000,
,,,00.000200400000,  -1.18000,
,,,00.000200500000,  -1.18000,
,,,00.000200600000,  -1.18000,
,,,00.000200700000,  -1.20000,
,,,00.000200800000,  -1.16000,
,,,00.000200900000,  -1.18000,
,,,00.000201000000,  -1.18000,
,,,00.000201100000,  -1.16000,
,,,00.000201200000,  -1.12000,
,,,00.000201300000,  -1.14000,
,,,00.000201400000,  -1.12000,
,,,00.000201500000,  -1.12000,
,,,00.000201600000,  -1.10000,
,,,00.000201700000,  -1.10000,
,,,00.000201800000,  -1.10000,
,,,00.000201900000,  -1.10000,
,,,00.000202000000,  -1.10000,
,,,00.000202100000,  -1.10000,
,,,00.000202200000,  -1.08000,
,,,00.000202300000,  -1.04000,
,,,00.000202400000,  -1.04000,
,,,00.000202500000,  -1.02000,
,,,00.000202600000,  -1.02000,
,,,00.000202700000,  -1.02000,
,,,00.000202800000,  -1.00000,
,,,00.000202900000,  -1.00000,
,,,00.000203000000,  -0.98000,
,,,00.000203100000,  -0.98000,
,,,00.000203200000,  -0.98000,
,,,00.000203300000,  -0.98000,
,,,00.000203400000,  -0.98000,
,,,00.000203500000,  -0.94000,
,,,00.000203600000,  -0.94000,
,,,00.000203700000,  -0.94000,
,,,00.000203800000,  -0.90000,
,,,00.000203900000,  -0.92000,
,,,00.000204000000,  -0.92000,
,,,00.000204100000,  -0.90000,
,,,00.000204200000,  -0.90000,
,,,00.000204300000,  -0.88000,
,,,00.000204400000,  -0.88000,
,,,00.000204500000,  -0.90000,
,,,00.000204600000,  -0.86000,
,,,00.000204700000,  -0.84000,
,,,00.000204800000,  -0.82000,
,,,00.000204900000,  -0.82000,
,,,00.000205000000,  -0.80000,
,,,00.000205100000,  -0.80000,
,,,00.000205200000,  -0.82000,
,,,00.000205300000,  -0.80000,
,,,00.000205400000,  -0.76000,
,,,00.000205500000,  -0.76000,
,,,00.000205600000,  -0.72000,
,,,00.000205700000,  -0.74000,
,,,00.000205800000,  -0.72000,
,,,00.000205900000,  -0.72000,
,,,00.000206000000,  -0.72000,
,,,00.000206100000,  -0.72000,
,,,00.000206200000,  -0.68000,
,,,00.000206300000,  -0.70000,
,,,00.000206400000,  -0.68000,
,,,00.000206500000,  -0.68000,
,,,00.000206600000,  -0.68000,
,,,00.000206700000,  -0.66000,
,,,00.000206800000,  -0.66000,
,,,00.000206900000,  -0.64000,
,,,00.000207000000,  -0.64000,
,,,00.000207100000,  -0.62000,
,,,00.000207200000,  -0.62000,
,,,00.000207300000,  -0.60000,
,,,00.000207400000,  -0.60000,
,,,00.000207500000,  -0.60000,
,,,00.000207600000,  -0.58000,
,,,00.000207700000,  -0.56000,
,,,00.000207800000,  -0.56000,
,,,00.000207900000,  -0.56000,
,,,00.000208000000,  -0.58000,
,,,00.000208100000,  -0.54000,
,,,00.000208200000,  -0.54000,
,,,00.000208300000,  -0.54000,
,,,00.000208400000,  -0.50000,
,,,00.000208500000,  -0.50000,
,,,00.000208600000,  -0.48000,
,,,00.000208700000,  -0.50000,
,,,00.000208800000,  -0.50000,
,,,00.000208900000,  -0.48000,
,,,00.000209000000,  -0.46000,
,,,00.000209100000,  -0.46000,
,,,00.000209200000,  -0.44000,
,,,00.000209300000,  -0.46000,
,,,00.000209400000,  -0.46000,
,,,00.000209500000,  -0.44000,
,,,00.000209600000,  -0.46000,
,,,00.000209700000,  -0.44000,
,,,00.000209800000,  -0.46000,
,,,00.000209900000,  -0.44000,
,,,00.000210000000,  -0.42000,
,,,00.000210100000,  -0.44000,
,,,00.000210200000,  -0.42000,
,,,00.000210300000,  -0.42000,
,,,00.000210400000,  -0.42000,
,,,00.000210500000,  -0.42000,
,,,00.000210600000,  -0.40000,
,,,00.000210700000,  -0.40000,
,,,00.000210800000,  -0.42000,
,,,00.000210900000,  -0.42000,
,,,00.000211000000,  -0.38000,
,,,00.000211100000,  -0.42000,
,,,00.000211200000,  -0.40000,
,,,00.000211300000,  -0.38000,
,,,00.000211400000,  -0.40000,
,,,00.000211500000,  -0.38000,
,,,00.000211600000,  -0.38000,
,,,00.000211700000,  -0.36000,
,,,00.000211800000,  -0.38000,
,,,00.000211900000,  -0.38000,
,,,00.000212000000,  -0.38000,
,,,00.000212100000,  -0.38000,
,,,00.000212200000,  -0.38000,
,,,00.000212300000,  -0.38000,
,,,00.000212400000,  -0.36000,
,,,00.000212500000,  -0.38000,
,,,00.000212600000,  -0.40000,
,,,00.000212700000,  -0.38000,
,,,00.000212800000,  -0.40000,
,,,00.000212900000,  -0.36000,
,,,00.000213000000,  -0.38000,
,,,00.000213100000,  -0.40000,
,,,00.000213200000,  -0.40000,
,,,00.000213300000,  -0.42000,
,,,00.000213400000,  -0.38000,
,,,00.000213500000,  -0.40000,
,,,00.000213600000,  -0.40000,
,,,00.000213700000,  -0.38000,
,,,00.000213800000,  -0.42000,
,,,00.000213900000,  -0.42000,
,,,00.000214000000,  -0.40000,
,,,00.000214100000,  -0.42000,
,,,00.000214200000,  -0.42000,
,,,00.000214300000,  -0.42000,
,,,00.000214400000,  -0.44000,
,,,00.000214500000,  -0.44000,
,,,00.000214600000,  -0.44000,
,,,00.000214700000,  -0.42000,
,,,00.000214800000,  -0.46000,
,,,00.000214900000,  -0.46000,
,,,00.000215000000,  -0.46000,
,,,00.000215100000,  -0.46000,
,,,00.000215200000,  -0.46000,
,,,00.000215300000,  -0.50000,
,,,00.000215400000,  -0.46000,
,,,00.000215500000,  -0.50000,
,,,00.000215600000,  -0.46000,
,,,00.000215700000,  -0.50000,
,,,00.000215800000,  -0.52000,
,,,00.000215900000,  -0.52000,
,,,00.000216000000,  -0.52000,
,,,00.000216100000,  -0.54000,
,,,00.000216200000,  -0.52000,
,,,00.000216300000,  -0.54000,
,,,00.000216400000,  -0.54000,
,,,00.000216500000,  -0.56000,
,,,00.000216600000,  -0.54000,
,,,00.000216700000,  -0.58000,
,,,00.000216800000,  -0.58000,
,,,00.000216900000,  -0.56000,
,,,00.000217000000,  -0.60000,
,,,00.000217100000,  -0.60000,
,,,00.000217200000,  -0.60000,
,,,00.000217300000,  -0.62000,
,,,00.000217400000,  -0.62000,
,,,00.000217500000,  -0.66000,
,,,00.000217600000,  -0.66000,
,,,00.000217700000,  -0.64000,
,,,00.000217800000,  -0.64000,
,,,00.000217900000,  -0.66000,
,,,00.000218000000,  -0.66000,
,,,00.000218100000,  -0.68000,
,,,00.000218200000,  -0.70000,
,,,00.000218300000,  -0.70000,
,,,00.000218400000,  -0.68000,
,,,00.000218500000,  -0.70000,
,,,00.000218600000,  -0.72000,
,,,00.000218700000,  -0.72000,
,,,00.000218800000,  -0.74000,
,,,00.000218900000,  -0.74000,
,,,00.000219000000,  -0.74000,
,,,00.000219100000,  -0.78000,
,,,00.000219200000,  -0.78000,
,,,00.000219300000,  -0.78000,
,,,00.000219400000,  -0.78000,
,,,00.000219500000,  -0.78000,
,,,00.000219600000,  -0.82000,
,,,00.000219700000,  -0.80000,
,,,00.000219800000,  -0.82000,
,,,00.000219900000,  -0.82000,
,,,00.000220000000,  -0.84000,
,,,00.000220100000,  -0.86000,
,,,00.000220200000,  -0.86000,
,,,00.000220300000,  -0.86000,
,,,00.000220400000,  -0.90000,
,,,00.000220500000,  -0.90000,
,,,00.000220600000,  -0.92000,
,,,00.000220700000,  -0.90000,
,,,00.000220800000,  -0.94000,
,,,00.000220900000,  -0.92000,
,,,00.000221000000,  -0.94000,
,,,00.000221100000,  -0.96000,
,,,00.000221200000,  -0.94000,
,,,00.000221300000,  -0.96000,
,,,00.000221400000,  -0.98000,
,,,00.000221500000,  -0.98000,
,,,00.000221600000,  -0.98000,
,,,00.000221700000,  -1.00000,
,,,00.000221800000,  -1.00000,
,,,00.000221900000,  -1.02000,
,,,00.000222000000,  -1.02000,
,,,00.000222100000,  -1.02000,
,,,00.000222200000,  -1.02000,
,,,00.000222300000,  -1.02000,
,,,00.000222400000,  -1.02000,
,,,00.000222500000,  -1.04000,
,,,00.000222600000,  -1.04000,
,,,00.000222700000,  -1.06000,
,,,00.000222800000,  -1.04000,
,,,00.000222900000,  -1.06000,
,,,00.000223000000,  -1.04000,
,,,00.000223100000,  -1.06000,
,,,00.000223200000,  -1.10000,
,,,00.000223300000,  -1.10000,
,,,00.000223400000,  -1.10000,
,,,00.000223500000,  -1.10000,
,,,00.000223600000,  -1.12000,
,,,00.000223700000,  -1.12000,
,,,00.000223800000,  -1.14000,
,,,00.000223900000,  -1.12000,
,,,00.000224000000,  -1.12000,
,,,00.000224100000,  -1.12000,
,,,00.000224200000,  -1.16000,
,,,00.000224300000,  -1.14000,
,,,00.000224400000,  -1.14000,
,,,00.000224500000,  -1.16000,
,,,00.000224600000,  -1.14000,
,,,00.000224700000,  -1.18000,
,,,00.000224800000,  -1.16000,
,,,00.000224900000,  -1.16000,
,,,00.000225000000,  -1.22000,
,,,00.000225100000,  -1.16000,
,,,00.000225200000,  -1.18000,
,,,00.000225300000,  -1.16000,
,,,00.000225400000,  -1.16000,
,,,00.000225500000,  -1.16000,
,,,00.000225600000,  -1.16000,
,,,00.000225700000,  -1.18000,
,,,00.000225800000,  -1.18000,
,,,00.000225900000,  -1.20000,
,,,00.000226000000,  -1.18000,
,,,00.000226100000,  -1.18000,
,,,00.000226200000,  -1.20000,
,,,00.000226300000,  -1.20000,
,,,00.000226400000,  -1.20000,
,,,00.000226500000,  -1.18000,
,,,00.000226600000,  -1.22000,
,,,00.000226700000,  -1.24000,
,,,00.000226800000,  -1.18000,
,,,00.000226900000,  -1.20000,
,,,00.000227000000,  -1.20000,
,,,00.000227100000,  -1.16000,
,,,00.000227200000,  -1.18000,
,,,00.000227300000,  -1.20000,
,,,00.000227400000,  -1.20000,
,,,00.000227500000,  -1.22000,
,,,00.000227600000,  -1.20000,
,,,00.000227700000,  -1.18000,
,,,00.000227800000,  -1.18000,
,,,00.000227900000,  -1.16000,
,,,00.000228000000,  -1.20000,
,,,00.000228100000,  -1.18000,
,,,00.000228200000,  -1.18000,
,,,00.000228300000,  -1.18000,
,,,00.000228400000,  -1.16000,
,,,00.000228500000,  -1.20000,
,,,00.000228600000,  -1.18000,
,,,00.000228700000,  -1.16000,
,,,00.000228800000,  -1.14000,
,,,00.000228900000,  -1.16000,